sport,sport_key,game_id,game_time,home_team,away_team,bookmaker_key,bookmaker_title,bookmaker_last_update,market,market_last_update,team,price,point,query_time
NCAAF,americanfootball_ncaaf,0a6b6423d89be9817a0c8cd830e8cc0d,2026-09-13T00:50:20Z,Auburn Tigers,Southern Mississippi Golden Eagles,draftkings,DraftKings,2026-09-13T04:10:11Z,spreads,2026-09-13T04:10:11Z,Auburn Tigers,348,-35.5,20260913041049786754
NCAAF,americanfootball_ncaaf,0a6b6423d89be9817a0c8cd830e8cc0d,2026-09-13T00:50:20Z,Auburn Tigers,Southern Mississippi Golden Eagles,draftkings,DraftKings,2026-09-13T04:10:11Z,spreads,2026-09-13T04:10:11Z,Southern Mississippi Golden Eagles,-505,35.5,20260913041049786754
NCAAF,americanfootball_ncaaf,0a6b6423d89be9817a0c8cd830e8cc0d,2026-09-13T00:50:20Z,Auburn Tigers,Southern Mississippi Golden Eagles,draftkings,DraftKings,2026-09-13T04:10:11Z,totals,2026-09-13T04:10:11Z,Over,331,51.5,20260913041049786754
NCAAF,americanfootball_ncaaf,0a6b6423d89be9817a0c8cd830e8cc0d,2026-09-13T00:50:20Z,Auburn Tigers,Southern Mississippi Golden Eagles,draftkings,DraftKings,2026-09-13T04:10:11Z,totals,2026-09-13T04:10:11Z,Under,-477,51.5,20260913041049786754
NCAAF,americanfootball_ncaaf,0a6b6423d89be9817a0c8cd830e8cc0d,2026-09-13T00:50:20Z,Auburn Tigers,Southern Mississippi Golden Eagles,fanduel,FanDuel,2026-09-13T04:10:34Z,spreads,2026-09-13T04:10:34Z,Auburn Tigers,300,-35.5,20260913041049786754
NCAAF,americanfootball_ncaaf,0a6b6423d89be9817a0c8cd830e8cc0d,2026-09-13T00:50:20Z,Auburn Tigers,Southern Mississippi Golden Eagles,fanduel,FanDuel,2026-09-13T04:10:34Z,spreads,2026-09-13T04:10:34Z,Southern Mississippi Golden Eagles,-450,35.5,20260913041049786754
NCAAF,americanfootball_ncaaf,a323953025cbf4302d4aa87270f9505a,2026-09-13T01:00:00Z,San Jose State Spartans,Cal Poly Mustangs,fanduel,FanDuel,2026-09-13T03:59:40Z,spreads,2026-09-13T03:59:40Z,Cal Poly Mustangs,-7000,10.5,20260913041049786754
NCAAF,americanfootball_ncaaf,a323953025cbf4302d4aa87270f9505a,2026-09-13T01:00:00Z,San Jose State Spartans,Cal Poly Mustangs,fanduel,FanDuel,2026-09-13T03:59:40Z,spreads,2026-09-13T03:59:40Z,San Jose State Spartans,1280,-10.5,20260913041049786754
NCAAF,americanfootball_ncaaf,a323953025cbf4302d4aa87270f9505a,2026-09-13T01:00:00Z,San Jose State Spartans,Cal Poly Mustangs,draftkings,DraftKings,2026-09-13T04:03:15Z,h2h,2026-09-13T04:03:15Z,Cal Poly Mustangs,1300,,20260913041049786754
NCAAF,americanfootball_ncaaf,a323953025cbf4302d4aa87270f9505a,2026-09-13T01:00:00Z,San Jose State Spartans,Cal Poly Mustangs,draftkings,DraftKings,2026-09-13T04:03:15Z,h2h,2026-09-13T04:03:15Z,San Jose State Spartans,-2700,,20260913041049786754
NCAAF,americanfootball_ncaaf,a323953025cbf4302d4aa87270f9505a,2026-09-13T01:00:00Z,San Jose State Spartans,Cal Poly Mustangs,draftkings,DraftKings,2026-09-13T04:03:15Z,spreads,2026-09-13T04:03:15Z,Cal Poly Mustangs,-114,11.5,20260913041049786754
NCAAF,americanfootball_ncaaf,a323953025cbf4302d4aa87270f9505a,2026-09-13T01:00:00Z,San Jose State Spartans,Cal Poly Mustangs,draftkings,DraftKings,2026-09-13T04:03:15Z,spreads,2026-09-13T04:03:15Z,San Jose State Spartans,-116,-11.5,20260913041049786754
NCAAF,americanfootball_ncaaf,a323953025cbf4302d4aa87270f9505a,2026-09-13T01:00:00Z,San Jose State Spartans,Cal Poly Mustangs,draftkings,DraftKings,2026-09-13T04:03:15Z,totals,2026-09-13T04:03:15Z,Over,-170,63.5,20260913041049786754
NCAAF,americanfootball_ncaaf,a323953025cbf4302d4aa87270f9505a,2026-09-13T01:00:00Z,San Jose State Spartans,Cal Poly Mustangs,draftkings,DraftKings,2026-09-13T04:03:15Z,totals,2026-09-13T04:03:15Z,Under,127,63.5,20260913041049786754
NCAAF,americanfootball_ncaaf,a323953025cbf4302d4aa87270f9505a,2026-09-13T01:00:00Z,San Jose State Spartans,Cal Poly Mustangs,bovada,Bovada,2026-09-13T03:57:13Z,totals,2026-09-13T03:57:13Z,Over,1000,50.5,20260913041049786754
NCAAF,americanfootball_ncaaf,a323953025cbf4302d4aa87270f9505a,2026-09-13T01:00:00Z,San Jose State Spartans,Cal Poly Mustangs,bovada,Bovada,2026-09-13T03:57:13Z,totals,2026-09-13T03:57:13Z,Under,-2500,50.5,20260913041049786754
NCAAF,americanfootball_ncaaf,a323953025cbf4302d4aa87270f9505a,2026-09-13T01:00:00Z,San Jose State Spartans,Cal Poly Mustangs,mybookieag,MyBookie.ag,2026-09-13T04:05:02Z,spreads,2026-09-13T04:05:02Z,Cal Poly Mustangs,-2500,13.5,20260913041049786754
NCAAF,americanfootball_ncaaf,a323953025cbf4302d4aa87270f9505a,2026-09-13T01:00:00Z,San Jose State Spartans,Cal Poly Mustangs,mybookieag,MyBookie.ag,2026-09-13T04:05:02Z,spreads,2026-09-13T04:05:02Z,San Jose State Spartans,725,-13.5,20260913041049786754
NCAAF,americanfootball_ncaaf,e61b38634c2ba45e99bdba191ef5dea1,2026-09-13T01:00:00Z,UTEP Miners,Texas Southern Tigers,fanduel,FanDuel,2026-09-13T04:10:34Z,spreads,2026-09-13T04:10:34Z,Texas Southern Tigers,-198,35.5,20260913041049786754
NCAAF,americanfootball_ncaaf,e61b38634c2ba45e99bdba191ef5dea1,2026-09-13T01:00:00Z,UTEP Miners,Texas Southern Tigers,fanduel,FanDuel,2026-09-13T04:10:34Z,spreads,2026-09-13T04:10:34Z,UTEP Miners,146,-35.5,20260913041049786754
NCAAF,americanfootball_ncaaf,e61b38634c2ba45e99bdba191ef5dea1,2026-09-13T01:00:00Z,UTEP Miners,Texas Southern Tigers,draftkings,DraftKings,2026-09-13T04:10:11Z,spreads,2026-09-13T04:10:11Z,Texas Southern Tigers,-217,35.5,20260913041049786754
NCAAF,americanfootball_ncaaf,e61b38634c2ba45e99bdba191ef5dea1,2026-09-13T01:00:00Z,UTEP Miners,Texas Southern Tigers,draftkings,DraftKings,2026-09-13T04:10:11Z,spreads,2026-09-13T04:10:11Z,UTEP Miners,161,-35.5,20260913041049786754
NCAAF,americanfootball_ncaaf,e61b38634c2ba45e99bdba191ef5dea1,2026-09-13T01:00:00Z,UTEP Miners,Texas Southern Tigers,draftkings,DraftKings,2026-09-13T04:10:11Z,totals,2026-09-13T04:10:11Z,Over,-159,61.5,20260913041049786754
NCAAF,americanfootball_ncaaf,e61b38634c2ba45e99bdba191ef5dea1,2026-09-13T01:00:00Z,UTEP Miners,Texas Southern Tigers,draftkings,DraftKings,2026-09-13T04:10:11Z,totals,2026-09-13T04:10:11Z,Under,120,61.5,20260913041049786754
NCAAF,americanfootball_ncaaf,e61b38634c2ba45e99bdba191ef5dea1,2026-09-13T01:00:00Z,UTEP Miners,Texas Southern Tigers,mybookieag,MyBookie.ag,2026-09-13T04:05:02Z,spreads,2026-09-13T04:05:02Z,Texas Southern Tigers,-111,35.5,20260913041049786754
NCAAF,americanfootball_ncaaf,e61b38634c2ba45e99bdba191ef5dea1,2026-09-13T01:00:00Z,UTEP Miners,Texas Southern Tigers,mybookieag,MyBookie.ag,2026-09-13T04:05:02Z,spreads,2026-09-13T04:05:02Z,UTEP Miners,-111,-35.5,20260913041049786754
NCAAF,americanfootball_ncaaf,e61b38634c2ba45e99bdba191ef5dea1,2026-09-13T01:00:00Z,UTEP Miners,Texas Southern Tigers,mybookieag,MyBookie.ag,2026-09-13T04:05:02Z,totals,2026-09-13T04:05:02Z,Over,-125,61.5,20260913041049786754
NCAAF,americanfootball_ncaaf,e61b38634c2ba45e99bdba191ef5dea1,2026-09-13T01:00:00Z,UTEP Miners,Texas Southern Tigers,mybookieag,MyBookie.ag,2026-09-13T04:05:02Z,totals,2026-09-13T04:05:02Z,Under,100,61.5,20260913041049786754
NCAAF,americanfootball_ncaaf,a8283159aa27932e7a640f6158b2ca98,2026-09-13T01:30:00Z,Clemson Tigers,Georgia Southern Eagles,draftkings,DraftKings,2026-09-13T04:10:11Z,h2h,2026-09-13T04:10:11Z,Clemson Tigers,-4600,,20260913041049786754
NCAAF,americanfootball_ncaaf,a8283159aa27932e7a640f6158b2ca98,2026-09-13T01:30:00Z,Clemson Tigers,Georgia Southern Eagles,draftkings,DraftKings,2026-09-13T04:10:11Z,h2h,2026-09-13T04:10:11Z,Georgia Southern Eagles,1740,,20260913041049786754
NCAAF,americanfootball_ncaaf,a8283159aa27932e7a640f6158b2ca98,2026-09-13T01:30:00Z,Clemson Tigers,Georgia Southern Eagles,draftkings,DraftKings,2026-09-13T04:10:11Z,spreads,2026-09-13T04:10:11Z,Clemson Tigers,-121,-14.5,20260913041049786754
NCAAF,americanfootball_ncaaf,a8283159aa27932e7a640f6158b2ca98,2026-09-13T01:30:00Z,Clemson Tigers,Georgia Southern Eagles,draftkings,DraftKings,2026-09-13T04:10:11Z,spreads,2026-09-13T04:10:11Z,Georgia Southern Eagles,-110,14.5,20260913041049786754
NCAAF,americanfootball_ncaaf,a8283159aa27932e7a640f6158b2ca98,2026-09-13T01:30:00Z,Clemson Tigers,Georgia Southern Eagles,draftkings,DraftKings,2026-09-13T04:10:11Z,totals,2026-09-13T04:10:11Z,Over,-113,36.5,20260913041049786754
NCAAF,americanfootball_ncaaf,a8283159aa27932e7a640f6158b2ca98,2026-09-13T01:30:00Z,Clemson Tigers,Georgia Southern Eagles,draftkings,DraftKings,2026-09-13T04:10:11Z,totals,2026-09-13T04:10:11Z,Under,-118,36.5,20260913041049786754
NCAAF,americanfootball_ncaaf,a8283159aa27932e7a640f6158b2ca98,2026-09-13T01:30:00Z,Clemson Tigers,Georgia Southern Eagles,betmgm,BetMGM,2026-09-13T04:09:27Z,spreads,2026-09-13T04:09:27Z,Clemson Tigers,-120,-16.5,20260913041049786754
NCAAF,americanfootball_ncaaf,a8283159aa27932e7a640f6158b2ca98,2026-09-13T01:30:00Z,Clemson Tigers,Georgia Southern Eagles,betmgm,BetMGM,2026-09-13T04:09:27Z,spreads,2026-09-13T04:09:27Z,Georgia Southern Eagles,-110,16.5,20260913041049786754
NCAAF,americanfootball_ncaaf,a8283159aa27932e7a640f6158b2ca98,2026-09-13T01:30:00Z,Clemson Tigers,Georgia Southern Eagles,betmgm,BetMGM,2026-09-13T04:09:27Z,totals,2026-09-13T04:09:27Z,Over,-120,38.5,20260913041049786754
NCAAF,americanfootball_ncaaf,a8283159aa27932e7a640f6158b2ca98,2026-09-13T01:30:00Z,Clemson Tigers,Georgia Southern Eagles,betmgm,BetMGM,2026-09-13T04:09:27Z,totals,2026-09-13T04:09:27Z,Under,-110,38.5,20260913041049786754
NCAAF,americanfootball_ncaaf,a8283159aa27932e7a640f6158b2ca98,2026-09-13T01:30:00Z,Clemson Tigers,Georgia Southern Eagles,mybookieag,MyBookie.ag,2026-09-13T04:09:28Z,h2h,2026-09-13T04:09:28Z,Clemson Tigers,-3333,,20260913041049786754
NCAAF,americanfootball_ncaaf,a8283159aa27932e7a640f6158b2ca98,2026-09-13T01:30:00Z,Clemson Tigers,Georgia Southern Eagles,mybookieag,MyBookie.ag,2026-09-13T04:09:28Z,h2h,2026-09-13T04:09:28Z,Georgia Southern Eagles,1175,,20260913041049786754
NCAAF,americanfootball_ncaaf,a8283159aa27932e7a640f6158b2ca98,2026-09-13T01:30:00Z,Clemson Tigers,Georgia Southern Eagles,mybookieag,MyBookie.ag,2026-09-13T04:09:28Z,spreads,2026-09-13T04:09:28Z,Clemson Tigers,-133,-13.5,20260913041049786754
NCAAF,americanfootball_ncaaf,a8283159aa27932e7a640f6158b2ca98,2026-09-13T01:30:00Z,Clemson Tigers,Georgia Southern Eagles,mybookieag,MyBookie.ag,2026-09-13T04:09:28Z,spreads,2026-09-13T04:09:28Z,Georgia Southern Eagles,-118,13.5,20260913041049786754
NCAAF,americanfootball_ncaaf,a8283159aa27932e7a640f6158b2ca98,2026-09-13T01:30:00Z,Clemson Tigers,Georgia Southern Eagles,mybookieag,MyBookie.ag,2026-09-13T04:09:28Z,totals,2026-09-13T04:09:28Z,Over,-105,37.5,20260913041049786754
NCAAF,americanfootball_ncaaf,a8283159aa27932e7a640f6158b2ca98,2026-09-13T01:30:00Z,Clemson Tigers,Georgia Southern Eagles,mybookieag,MyBookie.ag,2026-09-13T04:09:28Z,totals,2026-09-13T04:09:28Z,Under,-125,37.5,20260913041049786754
NCAAF,americanfootball_ncaaf,a8283159aa27932e7a640f6158b2ca98,2026-09-13T01:30:00Z,Clemson Tigers,Georgia Southern Eagles,bovada,Bovada,2026-09-13T04:08:03Z,h2h,2026-09-13T04:08:03Z,Clemson Tigers,-7000,,20260913041049786754
NCAAF,americanfootball_ncaaf,a8283159aa27932e7a640f6158b2ca98,2026-09-13T01:30:00Z,Clemson Tigers,Georgia Southern Eagles,bovada,Bovada,2026-09-13T04:08:03Z,h2h,2026-09-13T04:08:03Z,Georgia Southern Eagles,1500,,20260913041049786754
NCAAF,americanfootball_ncaaf,a8283159aa27932e7a640f6158b2ca98,2026-09-13T01:30:00Z,Clemson Tigers,Georgia Southern Eagles,bovada,Bovada,2026-09-13T04:08:03Z,spreads,2026-09-13T04:08:03Z,Clemson Tigers,-110,-12.5,20260913041049786754
NCAAF,americanfootball_ncaaf,a8283159aa27932e7a640f6158b2ca98,2026-09-13T01:30:00Z,Clemson Tigers,Georgia Southern Eagles,bovada,Bovada,2026-09-13T04:08:03Z,spreads,2026-09-13T04:08:03Z,Georgia Southern Eagles,-120,12.5,20260913041049786754
NCAAF,americanfootball_ncaaf,a8283159aa27932e7a640f6158b2ca98,2026-09-13T01:30:00Z,Clemson Tigers,Georgia Southern Eagles,bovada,Bovada,2026-09-13T04:08:03Z,totals,2026-09-13T04:08:03Z,Over,-110,36.5,20260913041049786754
NCAAF,americanfootball_ncaaf,a8283159aa27932e7a640f6158b2ca98,2026-09-13T01:30:00Z,Clemson Tigers,Georgia Southern Eagles,bovada,Bovada,2026-09-13T04:08:03Z,totals,2026-09-13T04:08:03Z,Under,-120,36.5,20260913041049786754
NCAAF,americanfootball_ncaaf,a8283159aa27932e7a640f6158b2ca98,2026-09-13T01:30:00Z,Clemson Tigers,Georgia Southern Eagles,fanduel,FanDuel,2026-09-13T04:10:34Z,h2h,2026-09-13T04:10:34Z,Clemson Tigers,-20000,,20260913041049786754
NCAAF,americanfootball_ncaaf,a8283159aa27932e7a640f6158b2ca98,2026-09-13T01:30:00Z,Clemson Tigers,Georgia Southern Eagles,fanduel,FanDuel,2026-09-13T04:10:34Z,h2h,2026-09-13T04:10:34Z,Georgia Southern Eagles,2500,,20260913041049786754
NCAAF,americanfootball_ncaaf,a8283159aa27932e7a640f6158b2ca98,2026-09-13T01:30:00Z,Clemson Tigers,Georgia Southern Eagles,fanduel,FanDuel,2026-09-13T04:10:34Z,spreads,2026-09-13T04:10:34Z,Clemson Tigers,-102,-16.5,20260913041049786754
NCAAF,americanfootball_ncaaf,a8283159aa27932e7a640f6158b2ca98,2026-09-13T01:30:00Z,Clemson Tigers,Georgia Southern Eagles,fanduel,FanDuel,2026-09-13T04:10:34Z,spreads,2026-09-13T04:10:34Z,Georgia Southern Eagles,-130,16.5,20260913041049786754
NCAAF,americanfootball_ncaaf,a8283159aa27932e7a640f6158b2ca98,2026-09-13T01:30:00Z,Clemson Tigers,Georgia Southern Eagles,fanduel,FanDuel,2026-09-13T04:10:34Z,totals,2026-09-13T04:10:34Z,Over,-125,38.5,20260913041049786754
NCAAF,americanfootball_ncaaf,a8283159aa27932e7a640f6158b2ca98,2026-09-13T01:30:00Z,Clemson Tigers,Georgia Southern Eagles,fanduel,FanDuel,2026-09-13T04:10:34Z,totals,2026-09-13T04:10:34Z,Under,-106,38.5,20260913041049786754
NCAAF,americanfootball_ncaaf,7a78c246bb38d32c3238724e57051b15,2026-09-13T02:15:24Z,Air Force Falcons,North Dakota State Bison,draftkings,DraftKings,2026-09-13T04:10:11Z,h2h,2026-09-13T04:10:11Z,Air Force Falcons,3100,,20260913041049786754
NCAAF,americanfootball_ncaaf,7a78c246bb38d32c3238724e57051b15,2026-09-13T02:15:24Z,Air Force Falcons,North Dakota State Bison,draftkings,DraftKings,2026-09-13T04:10:11Z,h2h,2026-09-13T04:10:11Z,North Dakota State Bison,-4900,,20260913041049786754
NCAAF,americanfootball_ncaaf,7a78c246bb38d32c3238724e57051b15,2026-09-13T02:15:24Z,Air Force Falcons,North Dakota State Bison,draftkings,DraftKings,2026-09-13T04:10:11Z,spreads,2026-09-13T04:10:11Z,Air Force Falcons,-112,21.5,20260913041049786754
NCAAF,americanfootball_ncaaf,7a78c246bb38d32c3238724e57051b15,2026-09-13T02:15:24Z,Air Force Falcons,North Dakota State Bison,draftkings,DraftKings,2026-09-13T04:10:11Z,spreads,2026-09-13T04:10:11Z,North Dakota State Bison,-118,-21.5,20260913041049786754
NCAAF,americanfootball_ncaaf,7a78c246bb38d32c3238724e57051b15,2026-09-13T02:15:24Z,Air Force Falcons,North Dakota State Bison,draftkings,DraftKings,2026-09-13T04:10:11Z,totals,2026-09-13T04:10:11Z,Over,-109,69.5,20260913041049786754
NCAAF,americanfootball_ncaaf,7a78c246bb38d32c3238724e57051b15,2026-09-13T02:15:24Z,Air Force Falcons,North Dakota State Bison,draftkings,DraftKings,2026-09-13T04:10:11Z,totals,2026-09-13T04:10:11Z,Under,-122,69.5,20260913041049786754
NCAAF,americanfootball_ncaaf,7a78c246bb38d32c3238724e57051b15,2026-09-13T02:15:24Z,Air Force Falcons,North Dakota State Bison,mybookieag,MyBookie.ag,2026-09-13T04:09:28Z,h2h,2026-09-13T04:09:28Z,Air Force Falcons,800,,20260913041049786754
NCAAF,americanfootball_ncaaf,7a78c246bb38d32c3238724e57051b15,2026-09-13T02:15:24Z,Air Force Falcons,North Dakota State Bison,mybookieag,MyBookie.ag,2026-09-13T04:09:28Z,h2h,2026-09-13T04:09:28Z,North Dakota State Bison,-1429,,20260913041049786754
NCAAF,americanfootball_ncaaf,7a78c246bb38d32c3238724e57051b15,2026-09-13T02:15:24Z,Air Force Falcons,North Dakota State Bison,mybookieag,MyBookie.ag,2026-09-13T04:09:28Z,spreads,2026-09-13T04:09:28Z,Air Force Falcons,-118,15.5,20260913041049786754
NCAAF,americanfootball_ncaaf,7a78c246bb38d32c3238724e57051b15,2026-09-13T02:15:24Z,Air Force Falcons,North Dakota State Bison,mybookieag,MyBookie.ag,2026-09-13T04:09:28Z,spreads,2026-09-13T04:09:28Z,North Dakota State Bison,-111,-15.5,20260913041049786754
NCAAF,americanfootball_ncaaf,7a78c246bb38d32c3238724e57051b15,2026-09-13T02:15:24Z,Air Force Falcons,North Dakota State Bison,mybookieag,MyBookie.ag,2026-09-13T04:09:28Z,totals,2026-09-13T04:09:28Z,Over,-118,64.5,20260913041049786754
NCAAF,americanfootball_ncaaf,7a78c246bb38d32c3238724e57051b15,2026-09-13T02:15:24Z,Air Force Falcons,North Dakota State Bison,mybookieag,MyBookie.ag,2026-09-13T04:09:28Z,totals,2026-09-13T04:09:28Z,Under,-111,64.5,20260913041049786754
NCAAF,americanfootball_ncaaf,7a78c246bb38d32c3238724e57051b15,2026-09-13T02:15:24Z,Air Force Falcons,North Dakota State Bison,bovada,Bovada,2026-09-13T04:01:31Z,h2h,2026-09-13T04:01:31Z,Air Force Falcons,700,,20260913041049786754
NCAAF,americanfootball_ncaaf,7a78c246bb38d32c3238724e57051b15,2026-09-13T02:15:24Z,Air Force Falcons,North Dakota State Bison,bovada,Bovada,2026-09-13T04:01:31Z,h2h,2026-09-13T04:01:31Z,North Dakota State Bison,-1400,,20260913041049786754
NCAAF,americanfootball_ncaaf,7a78c246bb38d32c3238724e57051b15,2026-09-13T02:15:24Z,Air Force Falcons,North Dakota State Bison,bovada,Bovada,2026-09-13T04:01:31Z,spreads,2026-09-13T04:01:31Z,Air Force Falcons,-115,14.5,20260913041049786754
NCAAF,americanfootball_ncaaf,7a78c246bb38d32c3238724e57051b15,2026-09-13T02:15:24Z,Air Force Falcons,North Dakota State Bison,bovada,Bovada,2026-09-13T04:01:31Z,spreads,2026-09-13T04:01:31Z,North Dakota State Bison,-115,-14.5,20260913041049786754
NCAAF,americanfootball_ncaaf,7a78c246bb38d32c3238724e57051b15,2026-09-13T02:15:24Z,Air Force Falcons,North Dakota State Bison,bovada,Bovada,2026-09-13T04:01:31Z,totals,2026-09-13T04:01:31Z,Over,-110,65.5,20260913041049786754
NCAAF,americanfootball_ncaaf,7a78c246bb38d32c3238724e57051b15,2026-09-13T02:15:24Z,Air Force Falcons,North Dakota State Bison,bovada,Bovada,2026-09-13T04:01:31Z,totals,2026-09-13T04:01:31Z,Under,-120,65.5,20260913041049786754
NCAAF,americanfootball_ncaaf,7a78c246bb38d32c3238724e57051b15,2026-09-13T02:15:24Z,Air Force Falcons,North Dakota State Bison,betmgm,BetMGM,2026-09-13T04:09:27Z,spreads,2026-09-13T04:09:27Z,Air Force Falcons,-120,21.5,20260913041049786754
NCAAF,americanfootball_ncaaf,7a78c246bb38d32c3238724e57051b15,2026-09-13T02:15:24Z,Air Force Falcons,North Dakota State Bison,betmgm,BetMGM,2026-09-13T04:09:27Z,spreads,2026-09-13T04:09:27Z,North Dakota State Bison,-110,-21.5,20260913041049786754
NCAAF,americanfootball_ncaaf,7a78c246bb38d32c3238724e57051b15,2026-09-13T02:15:24Z,Air Force Falcons,North Dakota State Bison,betmgm,BetMGM,2026-09-13T04:09:27Z,totals,2026-09-13T04:09:27Z,Over,-112,69.5,20260913041049786754
NCAAF,americanfootball_ncaaf,7a78c246bb38d32c3238724e57051b15,2026-09-13T02:15:24Z,Air Force Falcons,North Dakota State Bison,betmgm,BetMGM,2026-09-13T04:09:27Z,totals,2026-09-13T04:09:27Z,Under,-118,69.5,20260913041049786754
NCAAF,americanfootball_ncaaf,7a78c246bb38d32c3238724e57051b15,2026-09-13T02:15:24Z,Air Force Falcons,North Dakota State Bison,fanduel,FanDuel,2026-09-13T04:10:34Z,h2h,2026-09-13T04:10:34Z,Air Force Falcons,2500,,20260913041049786754
NCAAF,americanfootball_ncaaf,7a78c246bb38d32c3238724e57051b15,2026-09-13T02:15:24Z,Air Force Falcons,North Dakota State Bison,fanduel,FanDuel,2026-09-13T04:10:34Z,h2h,2026-09-13T04:10:34Z,North Dakota State Bison,-20000,,20260913041049786754
NCAAF,americanfootball_ncaaf,7a78c246bb38d32c3238724e57051b15,2026-09-13T02:15:24Z,Air Force Falcons,North Dakota State Bison,fanduel,FanDuel,2026-09-13T04:10:34Z,spreads,2026-09-13T04:10:34Z,Air Force Falcons,100,21.5,20260913041049786754
NCAAF,americanfootball_ncaaf,7a78c246bb38d32c3238724e57051b15,2026-09-13T02:15:24Z,Air Force Falcons,North Dakota State Bison,fanduel,FanDuel,2026-09-13T04:10:34Z,spreads,2026-09-13T04:10:34Z,North Dakota State Bison,-132,-21.5,20260913041049786754
NCAAF,americanfootball_ncaaf,7a78c246bb38d32c3238724e57051b15,2026-09-13T02:15:24Z,Air Force Falcons,North Dakota State Bison,fanduel,FanDuel,2026-09-13T04:10:34Z,totals,2026-09-13T04:10:34Z,Over,-120,70.5,20260913041049786754
NCAAF,americanfootball_ncaaf,7a78c246bb38d32c3238724e57051b15,2026-09-13T02:15:24Z,Air Force Falcons,North Dakota State Bison,fanduel,FanDuel,2026-09-13T04:10:34Z,totals,2026-09-13T04:10:34Z,Under,-110,70.5,20260913041049786754
NCAAF,americanfootball_ncaaf,6dd5d1c466d25617a69c046beb258b00,2026-09-13T02:36:00Z,Nevada Wolf Pack,Montana State Bobcats,fanduel,FanDuel,2026-09-13T04:10:34Z,h2h,2026-09-13T04:10:34Z,Montana State Bobcats,-1800,,20260913041049786754
NCAAF,americanfootball_ncaaf,6dd5d1c466d25617a69c046beb258b00,2026-09-13T02:36:00Z,Nevada Wolf Pack,Montana State Bobcats,fanduel,FanDuel,2026-09-13T04:10:34Z,h2h,2026-09-13T04:10:34Z,Nevada Wolf Pack,800,,20260913041049786754
NCAAF,americanfootball_ncaaf,6dd5d1c466d25617a69c046beb258b00,2026-09-13T02:36:00Z,Nevada Wolf Pack,Montana State Bobcats,fanduel,FanDuel,2026-09-13T04:10:34Z,spreads,2026-09-13T04:10:34Z,Montana State Bobcats,-136,-13.5,20260913041049786754
NCAAF,americanfootball_ncaaf,6dd5d1c466d25617a69c046beb258b00,2026-09-13T02:36:00Z,Nevada Wolf Pack,Montana State Bobcats,fanduel,FanDuel,2026-09-13T04:10:34Z,spreads,2026-09-13T04:10:34Z,Nevada Wolf Pack,102,13.5,20260913041049786754
NCAAF,americanfootball_ncaaf,6dd5d1c466d25617a69c046beb258b00,2026-09-13T02:36:00Z,Nevada Wolf Pack,Montana State Bobcats,fanduel,FanDuel,2026-09-13T04:10:34Z,totals,2026-09-13T04:10:34Z,Over,-110,44.5,20260913041049786754
NCAAF,americanfootball_ncaaf,6dd5d1c466d25617a69c046beb258b00,2026-09-13T02:36:00Z,Nevada Wolf Pack,Montana State Bobcats,fanduel,FanDuel,2026-09-13T04:10:34Z,totals,2026-09-13T04:10:34Z,Under,-120,44.5,20260913041049786754
NCAAF,americanfootball_ncaaf,6dd5d1c466d25617a69c046beb258b00,2026-09-13T02:36:00Z,Nevada Wolf Pack,Montana State Bobcats,draftkings,DraftKings,2026-09-13T04:10:11Z,h2h,2026-09-13T04:10:11Z,Montana State Bobcats,-6100,,20260913041049786754
NCAAF,americanfootball_ncaaf,6dd5d1c466d25617a69c046beb258b00,2026-09-13T02:36:00Z,Nevada Wolf Pack,Montana State Bobcats,draftkings,DraftKings,2026-09-13T04:10:11Z,h2h,2026-09-13T04:10:11Z,Nevada Wolf Pack,1820,,20260913041049786754
NCAAF,americanfootball_ncaaf,6dd5d1c466d25617a69c046beb258b00,2026-09-13T02:36:00Z,Nevada Wolf Pack,Montana State Bobcats,draftkings,DraftKings,2026-09-13T04:10:11Z,spreads,2026-09-13T04:10:11Z,Montana State Bobcats,-110,-17.5,20260913041049786754
NCAAF,americanfootball_ncaaf,6dd5d1c466d25617a69c046beb258b00,2026-09-13T02:36:00Z,Nevada Wolf Pack,Montana State Bobcats,draftkings,DraftKings,2026-09-13T04:10:11Z,spreads,2026-09-13T04:10:11Z,Nevada Wolf Pack,-121,17.5,20260913041049786754
NCAAF,americanfootball_ncaaf,6dd5d1c466d25617a69c046beb258b00,2026-09-13T02:36:00Z,Nevada Wolf Pack,Montana State Bobcats,draftkings,DraftKings,2026-09-13T04:10:11Z,totals,2026-09-13T04:10:11Z,Over,-102,44.5,20260913041049786754
NCAAF,americanfootball_ncaaf,6dd5d1c466d25617a69c046beb258b00,2026-09-13T02:36:00Z,Nevada Wolf Pack,Montana State Bobcats,draftkings,DraftKings,2026-09-13T04:10:11Z,totals,2026-09-13T04:10:11Z,Under,-130,44.5,20260913041049786754
NCAAF,americanfootball_ncaaf,6dd5d1c466d25617a69c046beb258b00,2026-09-13T02:36:00Z,Nevada Wolf Pack,Montana State Bobcats,bovada,Bovada,2026-09-13T04:10:14Z,spreads,2026-09-13T04:10:14Z,Montana State Bobcats,-115,-15.0,20260913041049786754
NCAAF,americanfootball_ncaaf,6dd5d1c466d25617a69c046beb258b00,2026-09-13T02:36:00Z,Nevada Wolf Pack,Montana State Bobcats,bovada,Bovada,2026-09-13T04:10:14Z,spreads,2026-09-13T04:10:14Z,Nevada Wolf Pack,-115,15.0,20260913041049786754
NCAAF,americanfootball_ncaaf,6dd5d1c466d25617a69c046beb258b00,2026-09-13T02:36:00Z,Nevada Wolf Pack,Montana State Bobcats,bovada,Bovada,2026-09-13T04:10:14Z,totals,2026-09-13T04:10:14Z,Over,-120,43.5,20260913041049786754
NCAAF,americanfootball_ncaaf,6dd5d1c466d25617a69c046beb258b00,2026-09-13T02:36:00Z,Nevada Wolf Pack,Montana State Bobcats,bovada,Bovada,2026-09-13T04:10:14Z,totals,2026-09-13T04:10:14Z,Under,-110,43.5,20260913041049786754
NCAAF,americanfootball_ncaaf,6dd5d1c466d25617a69c046beb258b00,2026-09-13T02:36:00Z,Nevada Wolf Pack,Montana State Bobcats,betmgm,BetMGM,2026-09-13T04:09:27Z,h2h,2026-09-13T04:09:27Z,Montana State Bobcats,-1600,,20260913041049786754
NCAAF,americanfootball_ncaaf,6dd5d1c466d25617a69c046beb258b00,2026-09-13T02:36:00Z,Nevada Wolf Pack,Montana State Bobcats,betmgm,BetMGM,2026-09-13T04:09:27Z,h2h,2026-09-13T04:09:27Z,Nevada Wolf Pack,850,,20260913041049786754
NCAAF,americanfootball_ncaaf,6dd5d1c466d25617a69c046beb258b00,2026-09-13T02:36:00Z,Nevada Wolf Pack,Montana State Bobcats,betmgm,BetMGM,2026-09-13T04:09:27Z,spreads,2026-09-13T04:09:27Z,Montana State Bobcats,-110,-14.5,20260913041049786754
NCAAF,americanfootball_ncaaf,6dd5d1c466d25617a69c046beb258b00,2026-09-13T02:36:00Z,Nevada Wolf Pack,Montana State Bobcats,betmgm,BetMGM,2026-09-13T04:09:27Z,spreads,2026-09-13T04:09:27Z,Nevada Wolf Pack,-120,14.5,20260913041049786754
NCAAF,americanfootball_ncaaf,6dd5d1c466d25617a69c046beb258b00,2026-09-13T02:36:00Z,Nevada Wolf Pack,Montana State Bobcats,betmgm,BetMGM,2026-09-13T04:09:27Z,totals,2026-09-13T04:09:27Z,Over,-120,44.5,20260913041049786754
NCAAF,americanfootball_ncaaf,6dd5d1c466d25617a69c046beb258b00,2026-09-13T02:36:00Z,Nevada Wolf Pack,Montana State Bobcats,betmgm,BetMGM,2026-09-13T04:09:27Z,totals,2026-09-13T04:09:27Z,Under,-110,44.5,20260913041049786754
NCAAF,americanfootball_ncaaf,6dd5d1c466d25617a69c046beb258b00,2026-09-13T02:36:00Z,Nevada Wolf Pack,Montana State Bobcats,mybookieag,MyBookie.ag,2026-09-13T04:09:28Z,spreads,2026-09-13T04:09:28Z,Montana State Bobcats,-111,-19.5,20260913041049786754
NCAAF,americanfootball_ncaaf,6dd5d1c466d25617a69c046beb258b00,2026-09-13T02:36:00Z,Nevada Wolf Pack,Montana State Bobcats,mybookieag,MyBookie.ag,2026-09-13T04:09:28Z,spreads,2026-09-13T04:09:28Z,Nevada Wolf Pack,-111,19.5,20260913041049786754
NCAAF,americanfootball_ncaaf,6dd5d1c466d25617a69c046beb258b00,2026-09-13T02:36:00Z,Nevada Wolf Pack,Montana State Bobcats,mybookieag,MyBookie.ag,2026-09-13T04:09:28Z,totals,2026-09-13T04:09:28Z,Over,-118,43.5,20260913041049786754
NCAAF,americanfootball_ncaaf,6dd5d1c466d25617a69c046beb258b00,2026-09-13T02:36:00Z,Nevada Wolf Pack,Montana State Bobcats,mybookieag,MyBookie.ag,2026-09-13T04:09:28Z,totals,2026-09-13T04:09:28Z,Under,-105,43.5,20260913041049786754
NCAAF,americanfootball_ncaaf,b1298d12169731a56fba3b484f27c005,2026-09-13T02:38:17Z,Fresno State Bulldogs,Sacramento State Hornets,draftkings,DraftKings,2026-09-13T04:10:11Z,spreads,2026-09-13T04:10:11Z,Fresno State Bulldogs,100,-36.5,20260913041049786754
NCAAF,americanfootball_ncaaf,b1298d12169731a56fba3b484f27c005,2026-09-13T02:38:17Z,Fresno State Bulldogs,Sacramento State Hornets,draftkings,DraftKings,2026-09-13T04:10:11Z,spreads,2026-09-13T04:10:11Z,Sacramento State Hornets,-133,36.5,20260913041049786754
NCAAF,americanfootball_ncaaf,b1298d12169731a56fba3b484f27c005,2026-09-13T02:38:17Z,Fresno State Bulldogs,Sacramento State Hornets,draftkings,DraftKings,2026-09-13T04:10:11Z,totals,2026-09-13T04:10:11Z,Over,-126,48.5,20260913041049786754
NCAAF,americanfootball_ncaaf,b1298d12169731a56fba3b484f27c005,2026-09-13T02:38:17Z,Fresno State Bulldogs,Sacramento State Hornets,draftkings,DraftKings,2026-09-13T04:10:11Z,totals,2026-09-13T04:10:11Z,Under,-105,48.5,20260913041049786754
NCAAF,americanfootball_ncaaf,b1298d12169731a56fba3b484f27c005,2026-09-13T02:38:17Z,Fresno State Bulldogs,Sacramento State Hornets,betmgm,BetMGM,2026-09-13T04:09:27Z,spreads,2026-09-13T04:09:27Z,Fresno State Bulldogs,105,-36.5,20260913041049786754
NCAAF,americanfootball_ncaaf,b1298d12169731a56fba3b484f27c005,2026-09-13T02:38:17Z,Fresno State Bulldogs,Sacramento State Hornets,betmgm,BetMGM,2026-09-13T04:09:27Z,spreads,2026-09-13T04:09:27Z,Sacramento State Hornets,-140,36.5,20260913041049786754
NCAAF,americanfootball_ncaaf,b1298d12169731a56fba3b484f27c005,2026-09-13T02:38:17Z,Fresno State Bulldogs,Sacramento State Hornets,betmgm,BetMGM,2026-09-13T04:09:27Z,totals,2026-09-13T04:09:27Z,Over,-120,49.5,20260913041049786754
NCAAF,americanfootball_ncaaf,b1298d12169731a56fba3b484f27c005,2026-09-13T02:38:17Z,Fresno State Bulldogs,Sacramento State Hornets,betmgm,BetMGM,2026-09-13T04:09:27Z,totals,2026-09-13T04:09:27Z,Under,-108,49.5,20260913041049786754
NCAAF,americanfootball_ncaaf,b1298d12169731a56fba3b484f27c005,2026-09-13T02:38:17Z,Fresno State Bulldogs,Sacramento State Hornets,mybookieag,MyBookie.ag,2026-09-13T04:09:28Z,spreads,2026-09-13T04:09:28Z,Fresno State Bulldogs,-133,-35.5,20260913041049786754
NCAAF,americanfootball_ncaaf,b1298d12169731a56fba3b484f27c005,2026-09-13T02:38:17Z,Fresno State Bulldogs,Sacramento State Hornets,mybookieag,MyBookie.ag,2026-09-13T04:09:28Z,spreads,2026-09-13T04:09:28Z,Sacramento State Hornets,100,35.5,20260913041049786754
NCAAF,americanfootball_ncaaf,b1298d12169731a56fba3b484f27c005,2026-09-13T02:38:17Z,Fresno State Bulldogs,Sacramento State Hornets,mybookieag,MyBookie.ag,2026-09-13T04:09:28Z,totals,2026-09-13T04:09:28Z,Over,100,49.5,20260913041049786754
NCAAF,americanfootball_ncaaf,b1298d12169731a56fba3b484f27c005,2026-09-13T02:38:17Z,Fresno State Bulldogs,Sacramento State Hornets,mybookieag,MyBookie.ag,2026-09-13T04:09:28Z,totals,2026-09-13T04:09:28Z,Under,-125,49.5,20260913041049786754
NCAAF,americanfootball_ncaaf,b1298d12169731a56fba3b484f27c005,2026-09-13T02:38:17Z,Fresno State Bulldogs,Sacramento State Hornets,bovada,Bovada,2026-09-13T04:10:14Z,spreads,2026-09-13T04:10:14Z,Fresno State Bulldogs,100,-36.5,20260913041049786754
NCAAF,americanfootball_ncaaf,b1298d12169731a56fba3b484f27c005,2026-09-13T02:38:17Z,Fresno State Bulldogs,Sacramento State Hornets,bovada,Bovada,2026-09-13T04:10:14Z,spreads,2026-09-13T04:10:14Z,Sacramento State Hornets,-130,36.5,20260913041049786754
NCAAF,americanfootball_ncaaf,b1298d12169731a56fba3b484f27c005,2026-09-13T02:38:17Z,Fresno State Bulldogs,Sacramento State Hornets,bovada,Bovada,2026-09-13T04:10:14Z,totals,2026-09-13T04:10:14Z,Over,-125,48.5,20260913041049786754
NCAAF,americanfootball_ncaaf,b1298d12169731a56fba3b484f27c005,2026-09-13T02:38:17Z,Fresno State Bulldogs,Sacramento State Hornets,bovada,Bovada,2026-09-13T04:10:14Z,totals,2026-09-13T04:10:14Z,Under,-105,48.5,20260913041049786754
NCAAF,americanfootball_ncaaf,c12cd73c4077a0265acec205a572c2ec,2026-09-13T02:40:00Z,Utah Utes,Arkansas Razorbacks,draftkings,DraftKings,2026-09-13T04:10:11Z,spreads,2026-09-13T04:10:11Z,Arkansas Razorbacks,-115,33.5,20260913041049786754
NCAAF,americanfootball_ncaaf,c12cd73c4077a0265acec205a572c2ec,2026-09-13T02:40:00Z,Utah Utes,Arkansas Razorbacks,draftkings,DraftKings,2026-09-13T04:10:11Z,spreads,2026-09-13T04:10:11Z,Utah Utes,-115,-33.5,20260913041049786754
NCAAF,americanfootball_ncaaf,c12cd73c4077a0265acec205a572c2ec,2026-09-13T02:40:00Z,Utah Utes,Arkansas Razorbacks,draftkings,DraftKings,2026-09-13T04:10:11Z,totals,2026-09-13T04:10:11Z,Over,-109,56.5,20260913041049786754
NCAAF,americanfootball_ncaaf,c12cd73c4077a0265acec205a572c2ec,2026-09-13T02:40:00Z,Utah Utes,Arkansas Razorbacks,draftkings,DraftKings,2026-09-13T04:10:11Z,totals,2026-09-13T04:10:11Z,Under,-122,56.5,20260913041049786754
NCAAF,americanfootball_ncaaf,c12cd73c4077a0265acec205a572c2ec,2026-09-13T02:40:00Z,Utah Utes,Arkansas Razorbacks,fanduel,FanDuel,2026-09-13T04:10:34Z,spreads,2026-09-13T04:10:34Z,Arkansas Razorbacks,-146,33.5,20260913041049786754
NCAAF,americanfootball_ncaaf,c12cd73c4077a0265acec205a572c2ec,2026-09-13T02:40:00Z,Utah Utes,Arkansas Razorbacks,fanduel,FanDuel,2026-09-13T04:10:34Z,spreads,2026-09-13T04:10:34Z,Utah Utes,110,-33.5,20260913041049786754
NCAAF,americanfootball_ncaaf,c12cd73c4077a0265acec205a572c2ec,2026-09-13T02:40:00Z,Utah Utes,Arkansas Razorbacks,fanduel,FanDuel,2026-09-13T04:10:34Z,totals,2026-09-13T04:10:34Z,Over,-110,57.5,20260913041049786754
NCAAF,americanfootball_ncaaf,c12cd73c4077a0265acec205a572c2ec,2026-09-13T02:40:00Z,Utah Utes,Arkansas Razorbacks,fanduel,FanDuel,2026-09-13T04:10:34Z,totals,2026-09-13T04:10:34Z,Under,-120,57.5,20260913041049786754
NCAAF,americanfootball_ncaaf,c12cd73c4077a0265acec205a572c2ec,2026-09-13T02:40:00Z,Utah Utes,Arkansas Razorbacks,mybookieag,MyBookie.ag,2026-09-13T04:09:28Z,spreads,2026-09-13T04:09:28Z,Arkansas Razorbacks,-105,32.5,20260913041049786754
NCAAF,americanfootball_ncaaf,c12cd73c4077a0265acec205a572c2ec,2026-09-13T02:40:00Z,Utah Utes,Arkansas Razorbacks,mybookieag,MyBookie.ag,2026-09-13T04:09:28Z,spreads,2026-09-13T04:09:28Z,Utah Utes,-125,-32.5,20260913041049786754
NCAAF,americanfootball_ncaaf,c12cd73c4077a0265acec205a572c2ec,2026-09-13T02:40:00Z,Utah Utes,Arkansas Razorbacks,mybookieag,MyBookie.ag,2026-09-13T04:09:28Z,totals,2026-09-13T04:09:28Z,Over,-118,58.5,20260913041049786754
NCAAF,americanfootball_ncaaf,c12cd73c4077a0265acec205a572c2ec,2026-09-13T02:40:00Z,Utah Utes,Arkansas Razorbacks,mybookieag,MyBookie.ag,2026-09-13T04:09:28Z,totals,2026-09-13T04:09:28Z,Under,-105,58.5,20260913041049786754
NCAAF,americanfootball_ncaaf,c12cd73c4077a0265acec205a572c2ec,2026-09-13T02:40:00Z,Utah Utes,Arkansas Razorbacks,betmgm,BetMGM,2026-09-13T04:09:27Z,spreads,2026-09-13T04:09:27Z,Arkansas Razorbacks,-135,33.5,20260913041049786754
NCAAF,americanfootball_ncaaf,c12cd73c4077a0265acec205a572c2ec,2026-09-13T02:40:00Z,Utah Utes,Arkansas Razorbacks,betmgm,BetMGM,2026-09-13T04:09:27Z,spreads,2026-09-13T04:09:27Z,Utah Utes,100,-33.5,20260913041049786754
NCAAF,americanfootball_ncaaf,c12cd73c4077a0265acec205a572c2ec,2026-09-13T02:40:00Z,Utah Utes,Arkansas Razorbacks,betmgm,BetMGM,2026-09-13T04:09:27Z,totals,2026-09-13T04:09:27Z,Over,-115,57.5,20260913041049786754
NCAAF,americanfootball_ncaaf,c12cd73c4077a0265acec205a572c2ec,2026-09-13T02:40:00Z,Utah Utes,Arkansas Razorbacks,betmgm,BetMGM,2026-09-13T04:09:27Z,totals,2026-09-13T04:09:27Z,Under,-115,57.5,20260913041049786754
NCAAF,americanfootball_ncaaf,c12cd73c4077a0265acec205a572c2ec,2026-09-13T02:40:00Z,Utah Utes,Arkansas Razorbacks,bovada,Bovada,2026-09-13T04:10:14Z,spreads,2026-09-13T04:10:14Z,Arkansas Razorbacks,-125,33.5,20260913041049786754
NCAAF,americanfootball_ncaaf,c12cd73c4077a0265acec205a572c2ec,2026-09-13T02:40:00Z,Utah Utes,Arkansas Razorbacks,bovada,Bovada,2026-09-13T04:10:14Z,spreads,2026-09-13T04:10:14Z,Utah Utes,-105,-33.5,20260913041049786754
NCAAF,americanfootball_ncaaf,c12cd73c4077a0265acec205a572c2ec,2026-09-13T02:40:00Z,Utah Utes,Arkansas Razorbacks,bovada,Bovada,2026-09-13T04:10:14Z,totals,2026-09-13T04:10:14Z,Over,-115,56.0,20260913041049786754
NCAAF,americanfootball_ncaaf,c12cd73c4077a0265acec205a572c2ec,2026-09-13T02:40:00Z,Utah Utes,Arkansas Razorbacks,bovada,Bovada,2026-09-13T04:10:14Z,totals,2026-09-13T04:10:14Z,Under,-115,56.0,20260913041049786754
NCAAF,americanfootball_ncaaf,91ba0aefe833f0543aa43843374916f4,2026-09-13T03:01:32Z,USC Trojans,Louisiana Ragin Cajuns,draftkings,DraftKings,2026-09-13T04:10:11Z,h2h,2026-09-13T04:10:11Z,Louisiana Ragin Cajuns,3400,,20260913041049786754
NCAAF,americanfootball_ncaaf,91ba0aefe833f0543aa43843374916f4,2026-09-13T03:01:32Z,USC Trojans,Louisiana Ragin Cajuns,draftkings,DraftKings,2026-09-13T04:10:11Z,h2h,2026-09-13T04:10:11Z,USC Trojans,-10000,,20260913041049786754
NCAAF,americanfootball_ncaaf,91ba0aefe833f0543aa43843374916f4,2026-09-13T03:01:32Z,USC Trojans,Louisiana Ragin Cajuns,draftkings,DraftKings,2026-09-13T04:10:11Z,spreads,2026-09-13T04:10:11Z,Louisiana Ragin Cajuns,-106,24.5,20260913041049786754
NCAAF,americanfootball_ncaaf,91ba0aefe833f0543aa43843374916f4,2026-09-13T03:01:32Z,USC Trojans,Louisiana Ragin Cajuns,draftkings,DraftKings,2026-09-13T04:10:11Z,spreads,2026-09-13T04:10:11Z,USC Trojans,-126,-24.5,20260913041049786754
NCAAF,americanfootball_ncaaf,91ba0aefe833f0543aa43843374916f4,2026-09-13T03:01:32Z,USC Trojans,Louisiana Ragin Cajuns,draftkings,DraftKings,2026-09-13T04:10:11Z,totals,2026-09-13T04:10:11Z,Over,-131,61.5,20260913041049786754
NCAAF,americanfootball_ncaaf,91ba0aefe833f0543aa43843374916f4,2026-09-13T03:01:32Z,USC Trojans,Louisiana Ragin Cajuns,draftkings,DraftKings,2026-09-13T04:10:11Z,totals,2026-09-13T04:10:11Z,Under,-101,61.5,20260913041049786754
NCAAF,americanfootball_ncaaf,91ba0aefe833f0543aa43843374916f4,2026-09-13T03:01:32Z,USC Trojans,Louisiana Ragin Cajuns,betmgm,BetMGM,2026-09-13T04:09:27Z,h2h,2026-09-13T04:09:27Z,Louisiana Ragin Cajuns,2500,,20260913041049786754
NCAAF,americanfootball_ncaaf,91ba0aefe833f0543aa43843374916f4,2026-09-13T03:01:32Z,USC Trojans,Louisiana Ragin Cajuns,betmgm,BetMGM,2026-09-13T04:09:27Z,h2h,2026-09-13T04:09:27Z,USC Trojans,-15000,,20260913041049786754
NCAAF,americanfootball_ncaaf,91ba0aefe833f0543aa43843374916f4,2026-09-13T03:01:32Z,USC Trojans,Louisiana Ragin Cajuns,betmgm,BetMGM,2026-09-13T04:09:27Z,spreads,2026-09-13T04:09:27Z,Louisiana Ragin Cajuns,-102,24.5,20260913041049786754
NCAAF,americanfootball_ncaaf,91ba0aefe833f0543aa43843374916f4,2026-09-13T03:01:32Z,USC Trojans,Louisiana Ragin Cajuns,betmgm,BetMGM,2026-09-13T04:09:27Z,spreads,2026-09-13T04:09:27Z,USC Trojans,-130,-24.5,20260913041049786754
NCAAF,americanfootball_ncaaf,91ba0aefe833f0543aa43843374916f4,2026-09-13T03:01:32Z,USC Trojans,Louisiana Ragin Cajuns,betmgm,BetMGM,2026-09-13T04:09:27Z,totals,2026-09-13T04:09:27Z,Over,-130,61.5,20260913041049786754
NCAAF,americanfootball_ncaaf,91ba0aefe833f0543aa43843374916f4,2026-09-13T03:01:32Z,USC Trojans,Louisiana Ragin Cajuns,betmgm,BetMGM,2026-09-13T04:09:27Z,totals,2026-09-13T04:09:27Z,Under,-102,61.5,20260913041049786754
NCAAF,americanfootball_ncaaf,91ba0aefe833f0543aa43843374916f4,2026-09-13T03:01:32Z,USC Trojans,Louisiana Ragin Cajuns,bovada,Bovada,2026-09-13T04:10:14Z,spreads,2026-09-13T04:10:14Z,Louisiana Ragin Cajuns,-105,24.5,20260913041049786754
NCAAF,americanfootball_ncaaf,91ba0aefe833f0543aa43843374916f4,2026-09-13T03:01:32Z,USC Trojans,Louisiana Ragin Cajuns,bovada,Bovada,2026-09-13T04:10:14Z,spreads,2026-09-13T04:10:14Z,USC Trojans,-125,-24.5,20260913041049786754
NCAAF,americanfootball_ncaaf,91ba0aefe833f0543aa43843374916f4,2026-09-13T03:01:32Z,USC Trojans,Louisiana Ragin Cajuns,bovada,Bovada,2026-09-13T04:10:14Z,totals,2026-09-13T04:10:14Z,Over,-130,61.5,20260913041049786754
NCAAF,americanfootball_ncaaf,91ba0aefe833f0543aa43843374916f4,2026-09-13T03:01:32Z,USC Trojans,Louisiana Ragin Cajuns,bovada,Bovada,2026-09-13T04:10:14Z,totals,2026-09-13T04:10:14Z,Under,100,61.5,20260913041049786754
NCAAF,americanfootball_ncaaf,91ba0aefe833f0543aa43843374916f4,2026-09-13T03:01:32Z,USC Trojans,Louisiana Ragin Cajuns,mybookieag,MyBookie.ag,2026-09-13T04:09:28Z,spreads,2026-09-13T04:09:28Z,Louisiana Ragin Cajuns,-118,22.5,20260913041049786754
NCAAF,americanfootball_ncaaf,91ba0aefe833f0543aa43843374916f4,2026-09-13T03:01:32Z,USC Trojans,Louisiana Ragin Cajuns,mybookieag,MyBookie.ag,2026-09-13T04:09:28Z,spreads,2026-09-13T04:09:28Z,USC Trojans,-111,-22.5,20260913041049786754
NCAAF,americanfootball_ncaaf,91ba0aefe833f0543aa43843374916f4,2026-09-13T03:01:32Z,USC Trojans,Louisiana Ragin Cajuns,mybookieag,MyBookie.ag,2026-09-13T04:09:28Z,totals,2026-09-13T04:09:28Z,Over,-118,59.5,20260913041049786754
NCAAF,americanfootball_ncaaf,91ba0aefe833f0543aa43843374916f4,2026-09-13T03:01:32Z,USC Trojans,Louisiana Ragin Cajuns,mybookieag,MyBookie.ag,2026-09-13T04:09:28Z,totals,2026-09-13T04:09:28Z,Under,-111,59.5,20260913041049786754
NCAAF,americanfootball_ncaaf,91ba0aefe833f0543aa43843374916f4,2026-09-13T03:01:32Z,USC Trojans,Louisiana Ragin Cajuns,fanduel,FanDuel,2026-09-13T04:10:34Z,spreads,2026-09-13T04:10:34Z,Louisiana Ragin Cajuns,-132,25.5,20260913041049786754
NCAAF,americanfootball_ncaaf,91ba0aefe833f0543aa43843374916f4,2026-09-13T03:01:32Z,USC Trojans,Louisiana Ragin Cajuns,fanduel,FanDuel,2026-09-13T04:10:34Z,spreads,2026-09-13T04:10:34Z,USC Trojans,100,-25.5,20260913041049786754
NCAAF,americanfootball_ncaaf,91ba0aefe833f0543aa43843374916f4,2026-09-13T03:01:32Z,USC Trojans,Louisiana Ragin Cajuns,fanduel,FanDuel,2026-09-13T04:10:34Z,totals,2026-09-13T04:10:34Z,Over,-122,61.5,20260913041049786754
NCAAF,americanfootball_ncaaf,91ba0aefe833f0543aa43843374916f4,2026-09-13T03:01:32Z,USC Trojans,Louisiana Ragin Cajuns,fanduel,FanDuel,2026-09-13T04:10:34Z,totals,2026-09-13T04:10:34Z,Under,-108,61.5,20260913041049786754
NCAAF,americanfootball_ncaaf,baa1d54d3e3162e5a550681144369eee,2026-09-13T04:05:56Z,Hawaii Rainbow Warriors,New Mexico State Aggies,draftkings,DraftKings,2026-09-13T04:10:11Z,h2h,2026-09-13T04:10:11Z,Hawaii Rainbow Warriors,-363,,20260913041049786754
NCAAF,americanfootball_ncaaf,baa1d54d3e3162e5a550681144369eee,2026-09-13T04:05:56Z,Hawaii Rainbow Warriors,New Mexico State Aggies,draftkings,DraftKings,2026-09-13T04:10:11Z,h2h,2026-09-13T04:10:11Z,New Mexico State Aggies,260,,20260913041049786754
NCAAF,americanfootball_ncaaf,baa1d54d3e3162e5a550681144369eee,2026-09-13T04:05:56Z,Hawaii Rainbow Warriors,New Mexico State Aggies,draftkings,DraftKings,2026-09-13T04:10:11Z,spreads,2026-09-13T04:10:11Z,Hawaii Rainbow Warriors,-115,-7.5,20260913041049786754
NCAAF,americanfootball_ncaaf,baa1d54d3e3162e5a550681144369eee,2026-09-13T04:05:56Z,Hawaii Rainbow Warriors,New Mexico State Aggies,draftkings,DraftKings,2026-09-13T04:10:11Z,spreads,2026-09-13T04:10:11Z,New Mexico State Aggies,-115,7.5,20260913041049786754
NCAAF,americanfootball_ncaaf,baa1d54d3e3162e5a550681144369eee,2026-09-13T04:05:56Z,Hawaii Rainbow Warriors,New Mexico State Aggies,draftkings,DraftKings,2026-09-13T04:10:11Z,totals,2026-09-13T04:10:11Z,Over,-117,49.5,20260913041049786754
NCAAF,americanfootball_ncaaf,baa1d54d3e3162e5a550681144369eee,2026-09-13T04:05:56Z,Hawaii Rainbow Warriors,New Mexico State Aggies,draftkings,DraftKings,2026-09-13T04:10:11Z,totals,2026-09-13T04:10:11Z,Under,-113,49.5,20260913041049786754
NCAAF,americanfootball_ncaaf,baa1d54d3e3162e5a550681144369eee,2026-09-13T04:05:56Z,Hawaii Rainbow Warriors,New Mexico State Aggies,lowvig,LowVig.ag,2026-09-13T04:01:49Z,h2h,2026-09-13T04:01:49Z,Hawaii Rainbow Warriors,-350,,20260913041049786754
NCAAF,americanfootball_ncaaf,baa1d54d3e3162e5a550681144369eee,2026-09-13T04:05:56Z,Hawaii Rainbow Warriors,New Mexico State Aggies,lowvig,LowVig.ag,2026-09-13T04:01:49Z,h2h,2026-09-13T04:01:49Z,New Mexico State Aggies,280,,20260913041049786754
NCAAF,americanfootball_ncaaf,baa1d54d3e3162e5a550681144369eee,2026-09-13T04:05:56Z,Hawaii Rainbow Warriors,New Mexico State Aggies,lowvig,LowVig.ag,2026-09-13T04:01:49Z,spreads,2026-09-13T04:01:49Z,Hawaii Rainbow Warriors,-106,-8.5,20260913041049786754
NCAAF,americanfootball_ncaaf,baa1d54d3e3162e5a550681144369eee,2026-09-13T04:05:56Z,Hawaii Rainbow Warriors,New Mexico State Aggies,lowvig,LowVig.ag,2026-09-13T04:01:49Z,spreads,2026-09-13T04:01:49Z,New Mexico State Aggies,-106,8.5,20260913041049786754
NCAAF,americanfootball_ncaaf,baa1d54d3e3162e5a550681144369eee,2026-09-13T04:05:56Z,Hawaii Rainbow Warriors,New Mexico State Aggies,lowvig,LowVig.ag,2026-09-13T04:01:49Z,totals,2026-09-13T04:01:49Z,Over,-114,50.5,20260913041049786754
NCAAF,americanfootball_ncaaf,baa1d54d3e3162e5a550681144369eee,2026-09-13T04:05:56Z,Hawaii Rainbow Warriors,New Mexico State Aggies,lowvig,LowVig.ag,2026-09-13T04:01:49Z,totals,2026-09-13T04:01:49Z,Under,-103,50.5,20260913041049786754
NCAAF,americanfootball_ncaaf,baa1d54d3e3162e5a550681144369eee,2026-09-13T04:05:56Z,Hawaii Rainbow Warriors,New Mexico State Aggies,betonlineag,BetOnline.ag,2026-09-13T04:02:11Z,h2h,2026-09-13T04:02:11Z,Hawaii Rainbow Warriors,-350,,20260913041049786754
NCAAF,americanfootball_ncaaf,baa1d54d3e3162e5a550681144369eee,2026-09-13T04:05:56Z,Hawaii Rainbow Warriors,New Mexico State Aggies,betonlineag,BetOnline.ag,2026-09-13T04:02:11Z,h2h,2026-09-13T04:02:11Z,New Mexico State Aggies,280,,20260913041049786754
NCAAF,americanfootball_ncaaf,baa1d54d3e3162e5a550681144369eee,2026-09-13T04:05:56Z,Hawaii Rainbow Warriors,New Mexico State Aggies,betonlineag,BetOnline.ag,2026-09-13T04:02:11Z,spreads,2026-09-13T04:02:11Z,Hawaii Rainbow Warriors,-110,-8.5,20260913041049786754
NCAAF,americanfootball_ncaaf,baa1d54d3e3162e5a550681144369eee,2026-09-13T04:05:56Z,Hawaii Rainbow Warriors,New Mexico State Aggies,betonlineag,BetOnline.ag,2026-09-13T04:02:11Z,spreads,2026-09-13T04:02:11Z,New Mexico State Aggies,-110,8.5,20260913041049786754
NCAAF,americanfootball_ncaaf,baa1d54d3e3162e5a550681144369eee,2026-09-13T04:05:56Z,Hawaii Rainbow Warriors,New Mexico State Aggies,betonlineag,BetOnline.ag,2026-09-13T04:02:11Z,totals,2026-09-13T04:02:11Z,Over,-115,50.5,20260913041049786754
NCAAF,americanfootball_ncaaf,baa1d54d3e3162e5a550681144369eee,2026-09-13T04:05:56Z,Hawaii Rainbow Warriors,New Mexico State Aggies,betonlineag,BetOnline.ag,2026-09-13T04:02:11Z,totals,2026-09-13T04:02:11Z,Under,-105,50.5,20260913041049786754
NCAAF,americanfootball_ncaaf,baa1d54d3e3162e5a550681144369eee,2026-09-13T04:05:56Z,Hawaii Rainbow Warriors,New Mexico State Aggies,betmgm,BetMGM,2026-09-13T04:09:27Z,h2h,2026-09-13T04:09:27Z,Hawaii Rainbow Warriors,-325,,20260913041049786754
NCAAF,americanfootball_ncaaf,baa1d54d3e3162e5a550681144369eee,2026-09-13T04:05:56Z,Hawaii Rainbow Warriors,New Mexico State Aggies,betmgm,BetMGM,2026-09-13T04:09:27Z,h2h,2026-09-13T04:09:27Z,New Mexico State Aggies,260,,20260913041049786754
NCAAF,americanfootball_ncaaf,baa1d54d3e3162e5a550681144369eee,2026-09-13T04:05:56Z,Hawaii Rainbow Warriors,New Mexico State Aggies,betmgm,BetMGM,2026-09-13T04:09:27Z,spreads,2026-09-13T04:09:27Z,Hawaii Rainbow Warriors,-110,-7.5,20260913041049786754
NCAAF,americanfootball_ncaaf,baa1d54d3e3162e5a550681144369eee,2026-09-13T04:05:56Z,Hawaii Rainbow Warriors,New Mexico State Aggies,betmgm,BetMGM,2026-09-13T04:09:27Z,spreads,2026-09-13T04:09:27Z,New Mexico State Aggies,-108,7.5,20260913041049786754
NCAAF,americanfootball_ncaaf,baa1d54d3e3162e5a550681144369eee,2026-09-13T04:05:56Z,Hawaii Rainbow Warriors,New Mexico State Aggies,betmgm,BetMGM,2026-09-13T04:09:27Z,totals,2026-09-13T04:09:27Z,Over,-118,49.5,20260913041049786754
NCAAF,americanfootball_ncaaf,baa1d54d3e3162e5a550681144369eee,2026-09-13T04:05:56Z,Hawaii Rainbow Warriors,New Mexico State Aggies,betmgm,BetMGM,2026-09-13T04:09:27Z,totals,2026-09-13T04:09:27Z,Under,-112,49.5,20260913041049786754
NCAAF,americanfootball_ncaaf,baa1d54d3e3162e5a550681144369eee,2026-09-13T04:05:56Z,Hawaii Rainbow Warriors,New Mexico State Aggies,betus,BetUS,2026-09-13T04:02:53Z,h2h,2026-09-13T04:02:53Z,Hawaii Rainbow Warriors,-340,,20260913041049786754
NCAAF,americanfootball_ncaaf,baa1d54d3e3162e5a550681144369eee,2026-09-13T04:05:56Z,Hawaii Rainbow Warriors,New Mexico State Aggies,betus,BetUS,2026-09-13T04:02:53Z,h2h,2026-09-13T04:02:53Z,New Mexico State Aggies,275,,20260913041049786754
NCAAF,americanfootball_ncaaf,baa1d54d3e3162e5a550681144369eee,2026-09-13T04:05:56Z,Hawaii Rainbow Warriors,New Mexico State Aggies,betus,BetUS,2026-09-13T04:02:53Z,spreads,2026-09-13T04:02:53Z,Hawaii Rainbow Warriors,-110,-8.0,20260913041049786754
NCAAF,americanfootball_ncaaf,baa1d54d3e3162e5a550681144369eee,2026-09-13T04:05:56Z,Hawaii Rainbow Warriors,New Mexico State Aggies,betus,BetUS,2026-09-13T04:02:53Z,spreads,2026-09-13T04:02:53Z,New Mexico State Aggies,-110,8.0,20260913041049786754
NCAAF,americanfootball_ncaaf,baa1d54d3e3162e5a550681144369eee,2026-09-13T04:05:56Z,Hawaii Rainbow Warriors,New Mexico State Aggies,betus,BetUS,2026-09-13T04:02:53Z,totals,2026-09-13T04:02:53Z,Over,-110,50.5,20260913041049786754
NCAAF,americanfootball_ncaaf,baa1d54d3e3162e5a550681144369eee,2026-09-13T04:05:56Z,Hawaii Rainbow Warriors,New Mexico State Aggies,betus,BetUS,2026-09-13T04:02:53Z,totals,2026-09-13T04:02:53Z,Under,-110,50.5,20260913041049786754
NCAAF,americanfootball_ncaaf,baa1d54d3e3162e5a550681144369eee,2026-09-13T04:05:56Z,Hawaii Rainbow Warriors,New Mexico State Aggies,mybookieag,MyBookie.ag,2026-09-13T04:09:28Z,h2h,2026-09-13T04:09:28Z,Hawaii Rainbow Warriors,-455,,20260913041049786754
NCAAF,americanfootball_ncaaf,baa1d54d3e3162e5a550681144369eee,2026-09-13T04:05:56Z,Hawaii Rainbow Warriors,New Mexico State Aggies,mybookieag,MyBookie.ag,2026-09-13T04:09:28Z,h2h,2026-09-13T04:09:28Z,New Mexico State Aggies,320,,20260913041049786754
NCAAF,americanfootball_ncaaf,baa1d54d3e3162e5a550681144369eee,2026-09-13T04:05:56Z,Hawaii Rainbow Warriors,New Mexico State Aggies,mybookieag,MyBookie.ag,2026-09-13T04:09:28Z,spreads,2026-09-13T04:09:28Z,Hawaii Rainbow Warriors,-111,-12.5,20260913041049786754
NCAAF,americanfootball_ncaaf,baa1d54d3e3162e5a550681144369eee,2026-09-13T04:05:56Z,Hawaii Rainbow Warriors,New Mexico State Aggies,mybookieag,MyBookie.ag,2026-09-13T04:09:28Z,spreads,2026-09-13T04:09:28Z,New Mexico State Aggies,-118,12.5,20260913041049786754
NCAAF,americanfootball_ncaaf,baa1d54d3e3162e5a550681144369eee,2026-09-13T04:05:56Z,Hawaii Rainbow Warriors,New Mexico State Aggies,mybookieag,MyBookie.ag,2026-09-13T04:09:28Z,totals,2026-09-13T04:09:28Z,Over,-111,52.5,20260913041049786754
NCAAF,americanfootball_ncaaf,baa1d54d3e3162e5a550681144369eee,2026-09-13T04:05:56Z,Hawaii Rainbow Warriors,New Mexico State Aggies,mybookieag,MyBookie.ag,2026-09-13T04:09:28Z,totals,2026-09-13T04:09:28Z,Under,-118,52.5,20260913041049786754
NCAAF,americanfootball_ncaaf,baa1d54d3e3162e5a550681144369eee,2026-09-13T04:05:56Z,Hawaii Rainbow Warriors,New Mexico State Aggies,bovada,Bovada,2026-09-13T04:10:14Z,h2h,2026-09-13T04:10:14Z,Hawaii Rainbow Warriors,-375,,20260913041049786754
NCAAF,americanfootball_ncaaf,baa1d54d3e3162e5a550681144369eee,2026-09-13T04:05:56Z,Hawaii Rainbow Warriors,New Mexico State Aggies,bovada,Bovada,2026-09-13T04:10:14Z,h2h,2026-09-13T04:10:14Z,New Mexico State Aggies,260,,20260913041049786754
NCAAF,americanfootball_ncaaf,baa1d54d3e3162e5a550681144369eee,2026-09-13T04:05:56Z,Hawaii Rainbow Warriors,New Mexico State Aggies,bovada,Bovada,2026-09-13T04:10:14Z,spreads,2026-09-13T04:10:14Z,Hawaii Rainbow Warriors,-115,-7.5,20260913041049786754
NCAAF,americanfootball_ncaaf,baa1d54d3e3162e5a550681144369eee,2026-09-13T04:05:56Z,Hawaii Rainbow Warriors,New Mexico State Aggies,bovada,Bovada,2026-09-13T04:10:14Z,spreads,2026-09-13T04:10:14Z,New Mexico State Aggies,-115,7.5,20260913041049786754
NCAAF,americanfootball_ncaaf,baa1d54d3e3162e5a550681144369eee,2026-09-13T04:05:56Z,Hawaii Rainbow Warriors,New Mexico State Aggies,bovada,Bovada,2026-09-13T04:10:14Z,totals,2026-09-13T04:10:14Z,Over,-115,49.5,20260913041049786754
NCAAF,americanfootball_ncaaf,baa1d54d3e3162e5a550681144369eee,2026-09-13T04:05:56Z,Hawaii Rainbow Warriors,New Mexico State Aggies,bovada,Bovada,2026-09-13T04:10:14Z,totals,2026-09-13T04:10:14Z,Under,-115,49.5,20260913041049786754
NCAAF,americanfootball_ncaaf,baa1d54d3e3162e5a550681144369eee,2026-09-13T04:05:56Z,Hawaii Rainbow Warriors,New Mexico State Aggies,betrivers,BetRivers,2026-09-13T03:56:47Z,h2h,2026-09-13T03:56:47Z,Hawaii Rainbow Warriors,-295,,20260913041049786754
NCAAF,americanfootball_ncaaf,baa1d54d3e3162e5a550681144369eee,2026-09-13T04:05:56Z,Hawaii Rainbow Warriors,New Mexico State Aggies,betrivers,BetRivers,2026-09-13T03:56:47Z,h2h,2026-09-13T03:56:47Z,New Mexico State Aggies,220,,20260913041049786754
NCAAF,americanfootball_ncaaf,baa1d54d3e3162e5a550681144369eee,2026-09-13T04:05:56Z,Hawaii Rainbow Warriors,New Mexico State Aggies,betrivers,BetRivers,2026-09-13T03:56:47Z,spreads,2026-09-13T03:56:47Z,Hawaii Rainbow Warriors,-115,-7.0,20260913041049786754
NCAAF,americanfootball_ncaaf,baa1d54d3e3162e5a550681144369eee,2026-09-13T04:05:56Z,Hawaii Rainbow Warriors,New Mexico State Aggies,betrivers,BetRivers,2026-09-13T03:56:47Z,spreads,2026-09-13T03:56:47Z,New Mexico State Aggies,-108,7.0,20260913041049786754
NCAAF,americanfootball_ncaaf,baa1d54d3e3162e5a550681144369eee,2026-09-13T04:05:56Z,Hawaii Rainbow Warriors,New Mexico State Aggies,betrivers,BetRivers,2026-09-13T03:56:47Z,totals,2026-09-13T03:56:47Z,Over,-114,49.5,20260913041049786754
NCAAF,americanfootball_ncaaf,baa1d54d3e3162e5a550681144369eee,2026-09-13T04:05:56Z,Hawaii Rainbow Warriors,New Mexico State Aggies,betrivers,BetRivers,2026-09-13T03:56:47Z,totals,2026-09-13T03:56:47Z,Under,-109,49.5,20260913041049786754
NCAAF,americanfootball_ncaaf,baa1d54d3e3162e5a550681144369eee,2026-09-13T04:05:56Z,Hawaii Rainbow Warriors,New Mexico State Aggies,fanduel,FanDuel,2026-09-13T04:10:34Z,h2h,2026-09-13T04:10:34Z,Hawaii Rainbow Warriors,-340,,20260913041049786754
NCAAF,americanfootball_ncaaf,baa1d54d3e3162e5a550681144369eee,2026-09-13T04:05:56Z,Hawaii Rainbow Warriors,New Mexico State Aggies,fanduel,FanDuel,2026-09-13T04:10:34Z,h2h,2026-09-13T04:10:34Z,New Mexico State Aggies,250,,20260913041049786754
NCAAF,americanfootball_ncaaf,baa1d54d3e3162e5a550681144369eee,2026-09-13T04:05:56Z,Hawaii Rainbow Warriors,New Mexico State Aggies,fanduel,FanDuel,2026-09-13T04:10:34Z,spreads,2026-09-13T04:10:34Z,Hawaii Rainbow Warriors,-122,-7.5,20260913041049786754
NCAAF,americanfootball_ncaaf,baa1d54d3e3162e5a550681144369eee,2026-09-13T04:05:56Z,Hawaii Rainbow Warriors,New Mexico State Aggies,fanduel,FanDuel,2026-09-13T04:10:34Z,spreads,2026-09-13T04:10:34Z,New Mexico State Aggies,-108,7.5,20260913041049786754
NCAAF,americanfootball_ncaaf,baa1d54d3e3162e5a550681144369eee,2026-09-13T04:05:56Z,Hawaii Rainbow Warriors,New Mexico State Aggies,fanduel,FanDuel,2026-09-13T04:10:34Z,totals,2026-09-13T04:10:34Z,Over,-102,50.5,20260913041049786754
NCAAF,americanfootball_ncaaf,baa1d54d3e3162e5a550681144369eee,2026-09-13T04:05:56Z,Hawaii Rainbow Warriors,New Mexico State Aggies,fanduel,FanDuel,2026-09-13T04:10:34Z,totals,2026-09-13T04:10:34Z,Under,-130,50.5,20260913041049786754
NCAAF,americanfootball_ncaaf,f06e90b4212fb514f3564ded9f190107,2026-09-17T23:30:00Z,Pittsburgh Panthers,Syracuse Orange,draftkings,DraftKings,2026-09-13T04:10:11Z,h2h,2026-09-13T04:10:11Z,Pittsburgh Panthers,-380,,20260913041049786754
NCAAF,americanfootball_ncaaf,f06e90b4212fb514f3564ded9f190107,2026-09-17T23:30:00Z,Pittsburgh Panthers,Syracuse Orange,draftkings,DraftKings,2026-09-13T04:10:11Z,h2h,2026-09-13T04:10:11Z,Syracuse Orange,300,,20260913041049786754
NCAAF,americanfootball_ncaaf,f06e90b4212fb514f3564ded9f190107,2026-09-17T23:30:00Z,Pittsburgh Panthers,Syracuse Orange,draftkings,DraftKings,2026-09-13T04:10:11Z,spreads,2026-09-13T04:10:11Z,Pittsburgh Panthers,-112,-10.5,20260913041049786754
NCAAF,americanfootball_ncaaf,f06e90b4212fb514f3564ded9f190107,2026-09-17T23:30:00Z,Pittsburgh Panthers,Syracuse Orange,draftkings,DraftKings,2026-09-13T04:10:11Z,spreads,2026-09-13T04:10:11Z,Syracuse Orange,-108,10.5,20260913041049786754
NCAAF,americanfootball_ncaaf,f06e90b4212fb514f3564ded9f190107,2026-09-17T23:30:00Z,Pittsburgh Panthers,Syracuse Orange,draftkings,DraftKings,2026-09-13T04:10:11Z,totals,2026-09-13T04:10:11Z,Over,-112,53.5,20260913041049786754
NCAAF,americanfootball_ncaaf,f06e90b4212fb514f3564ded9f190107,2026-09-17T23:30:00Z,Pittsburgh Panthers,Syracuse Orange,draftkings,DraftKings,2026-09-13T04:10:11Z,totals,2026-09-13T04:10:11Z,Under,-108,53.5,20260913041049786754
NCAAF,americanfootball_ncaaf,f06e90b4212fb514f3564ded9f190107,2026-09-17T23:30:00Z,Pittsburgh Panthers,Syracuse Orange,fanduel,FanDuel,2026-09-13T04:10:34Z,h2h,2026-09-13T04:10:34Z,Pittsburgh Panthers,-330,,20260913041049786754
NCAAF,americanfootball_ncaaf,f06e90b4212fb514f3564ded9f190107,2026-09-17T23:30:00Z,Pittsburgh Panthers,Syracuse Orange,fanduel,FanDuel,2026-09-13T04:10:34Z,h2h,2026-09-13T04:10:34Z,Syracuse Orange,260,,20260913041049786754
NCAAF,americanfootball_ncaaf,f06e90b4212fb514f3564ded9f190107,2026-09-17T23:30:00Z,Pittsburgh Panthers,Syracuse Orange,fanduel,FanDuel,2026-09-13T04:10:34Z,spreads,2026-09-13T04:10:34Z,Pittsburgh Panthers,-110,-9.5,20260913041049786754
NCAAF,americanfootball_ncaaf,f06e90b4212fb514f3564ded9f190107,2026-09-17T23:30:00Z,Pittsburgh Panthers,Syracuse Orange,fanduel,FanDuel,2026-09-13T04:10:34Z,spreads,2026-09-13T04:10:34Z,Syracuse Orange,-110,9.5,20260913041049786754
NCAAF,americanfootball_ncaaf,f06e90b4212fb514f3564ded9f190107,2026-09-17T23:30:00Z,Pittsburgh Panthers,Syracuse Orange,fanduel,FanDuel,2026-09-13T04:10:34Z,totals,2026-09-13T04:10:34Z,Over,-110,52.5,20260913041049786754
NCAAF,americanfootball_ncaaf,f06e90b4212fb514f3564ded9f190107,2026-09-17T23:30:00Z,Pittsburgh Panthers,Syracuse Orange,fanduel,FanDuel,2026-09-13T04:10:34Z,totals,2026-09-13T04:10:34Z,Under,-110,52.5,20260913041049786754
NCAAF,americanfootball_ncaaf,720451b07d54e435c9be484ef73ea211,2026-09-18T23:30:00Z,Wake Forest Demon Deacons,Miami Hurricanes,draftkings,DraftKings,2026-09-13T04:10:11Z,h2h,2026-09-13T04:10:11Z,Miami Hurricanes,-1800,,20260913041049786754
NCAAF,americanfootball_ncaaf,720451b07d54e435c9be484ef73ea211,2026-09-18T23:30:00Z,Wake Forest Demon Deacons,Miami Hurricanes,draftkings,DraftKings,2026-09-13T04:10:11Z,h2h,2026-09-13T04:10:11Z,Wake Forest Demon Deacons,1000,,20260913041049786754
NCAAF,americanfootball_ncaaf,720451b07d54e435c9be484ef73ea211,2026-09-18T23:30:00Z,Wake Forest Demon Deacons,Miami Hurricanes,draftkings,DraftKings,2026-09-13T04:10:11Z,spreads,2026-09-13T04:10:11Z,Miami Hurricanes,-108,-22.5,20260913041049786754
NCAAF,americanfootball_ncaaf,720451b07d54e435c9be484ef73ea211,2026-09-18T23:30:00Z,Wake Forest Demon Deacons,Miami Hurricanes,draftkings,DraftKings,2026-09-13T04:10:11Z,spreads,2026-09-13T04:10:11Z,Wake Forest Demon Deacons,-112,22.5,20260913041049786754
NCAAF,americanfootball_ncaaf,720451b07d54e435c9be484ef73ea211,2026-09-18T23:30:00Z,Wake Forest Demon Deacons,Miami Hurricanes,draftkings,DraftKings,2026-09-13T04:10:11Z,totals,2026-09-13T04:10:11Z,Over,-108,54.5,20260913041049786754
NCAAF,americanfootball_ncaaf,720451b07d54e435c9be484ef73ea211,2026-09-18T23:30:00Z,Wake Forest Demon Deacons,Miami Hurricanes,draftkings,DraftKings,2026-09-13T04:10:11Z,totals,2026-09-13T04:10:11Z,Under,-112,54.5,20260913041049786754
NCAAF,americanfootball_ncaaf,720451b07d54e435c9be484ef73ea211,2026-09-18T23:30:00Z,Wake Forest Demon Deacons,Miami Hurricanes,fanduel,FanDuel,2026-09-13T04:10:34Z,h2h,2026-09-13T04:10:34Z,Miami Hurricanes,-1800,,20260913041049786754
NCAAF,americanfootball_ncaaf,720451b07d54e435c9be484ef73ea211,2026-09-18T23:30:00Z,Wake Forest Demon Deacons,Miami Hurricanes,fanduel,FanDuel,2026-09-13T04:10:34Z,h2h,2026-09-13T04:10:34Z,Wake Forest Demon Deacons,920,,20260913041049786754
NCAAF,americanfootball_ncaaf,720451b07d54e435c9be484ef73ea211,2026-09-18T23:30:00Z,Wake Forest Demon Deacons,Miami Hurricanes,fanduel,FanDuel,2026-09-13T04:10:34Z,spreads,2026-09-13T04:10:34Z,Miami Hurricanes,-105,-21.5,20260913041049786754
NCAAF,americanfootball_ncaaf,720451b07d54e435c9be484ef73ea211,2026-09-18T23:30:00Z,Wake Forest Demon Deacons,Miami Hurricanes,fanduel,FanDuel,2026-09-13T04:10:34Z,spreads,2026-09-13T04:10:34Z,Wake Forest Demon Deacons,-115,21.5,20260913041049786754
NCAAF,americanfootball_ncaaf,720451b07d54e435c9be484ef73ea211,2026-09-18T23:30:00Z,Wake Forest Demon Deacons,Miami Hurricanes,fanduel,FanDuel,2026-09-13T04:10:34Z,totals,2026-09-13T04:10:34Z,Over,-110,53.5,20260913041049786754
NCAAF,americanfootball_ncaaf,720451b07d54e435c9be484ef73ea211,2026-09-18T23:30:00Z,Wake Forest Demon Deacons,Miami Hurricanes,fanduel,FanDuel,2026-09-13T04:10:34Z,totals,2026-09-13T04:10:34Z,Under,-110,53.5,20260913041049786754
NCAAF,americanfootball_ncaaf,720451b07d54e435c9be484ef73ea211,2026-09-18T23:30:00Z,Wake Forest Demon Deacons,Miami Hurricanes,betmgm,BetMGM,2026-09-13T04:09:27Z,h2h,2026-09-13T04:09:27Z,Miami Hurricanes,-1600,,20260913041049786754
NCAAF,americanfootball_ncaaf,720451b07d54e435c9be484ef73ea211,2026-09-18T23:30:00Z,Wake Forest Demon Deacons,Miami Hurricanes,betmgm,BetMGM,2026-09-13T04:09:27Z,h2h,2026-09-13T04:09:27Z,Wake Forest Demon Deacons,1050,,20260913041049786754
NCAAF,americanfootball_ncaaf,720451b07d54e435c9be484ef73ea211,2026-09-18T23:30:00Z,Wake Forest Demon Deacons,Miami Hurricanes,betmgm,BetMGM,2026-09-13T04:09:27Z,spreads,2026-09-13T04:09:27Z,Miami Hurricanes,-110,-21.5,20260913041049786754
NCAAF,americanfootball_ncaaf,720451b07d54e435c9be484ef73ea211,2026-09-18T23:30:00Z,Wake Forest Demon Deacons,Miami Hurricanes,betmgm,BetMGM,2026-09-13T04:09:27Z,spreads,2026-09-13T04:09:27Z,Wake Forest Demon Deacons,-108,21.5,20260913041049786754
NCAAF,americanfootball_ncaaf,720451b07d54e435c9be484ef73ea211,2026-09-18T23:30:00Z,Wake Forest Demon Deacons,Miami Hurricanes,betmgm,BetMGM,2026-09-13T04:09:27Z,totals,2026-09-13T04:09:27Z,Over,-112,53.5,20260913041049786754
NCAAF,americanfootball_ncaaf,720451b07d54e435c9be484ef73ea211,2026-09-18T23:30:00Z,Wake Forest Demon Deacons,Miami Hurricanes,betmgm,BetMGM,2026-09-13T04:09:27Z,totals,2026-09-13T04:09:27Z,Under,-105,53.5,20260913041049786754
NCAAF,americanfootball_ncaaf,a317e3ffe5919c8bff3b9b303054f1b3,2026-09-19T16:00:00Z,Arizona State Sun Devils,Kansas Jayhawks,draftkings,DraftKings,2026-09-13T04:10:11Z,h2h,2026-09-13T04:10:11Z,Arizona State Sun Devils,-205,,20260913041049786754
NCAAF,americanfootball_ncaaf,a317e3ffe5919c8bff3b9b303054f1b3,2026-09-19T16:00:00Z,Arizona State Sun Devils,Kansas Jayhawks,draftkings,DraftKings,2026-09-13T04:10:11Z,h2h,2026-09-13T04:10:11Z,Kansas Jayhawks,170,,20260913041049786754
NCAAF,americanfootball_ncaaf,a317e3ffe5919c8bff3b9b303054f1b3,2026-09-19T16:00:00Z,Arizona State Sun Devils,Kansas Jayhawks,draftkings,DraftKings,2026-09-13T04:10:11Z,spreads,2026-09-13T04:10:11Z,Arizona State Sun Devils,-110,-5.5,20260913041049786754
NCAAF,americanfootball_ncaaf,a317e3ffe5919c8bff3b9b303054f1b3,2026-09-19T16:00:00Z,Arizona State Sun Devils,Kansas Jayhawks,draftkings,DraftKings,2026-09-13T04:10:11Z,spreads,2026-09-13T04:10:11Z,Kansas Jayhawks,-110,5.5,20260913041049786754
NCAAF,americanfootball_ncaaf,a317e3ffe5919c8bff3b9b303054f1b3,2026-09-19T16:00:00Z,Arizona State Sun Devils,Kansas Jayhawks,draftkings,DraftKings,2026-09-13T04:10:11Z,totals,2026-09-13T04:10:11Z,Over,-112,56.5,20260913041049786754
NCAAF,americanfootball_ncaaf,a317e3ffe5919c8bff3b9b303054f1b3,2026-09-19T16:00:00Z,Arizona State Sun Devils,Kansas Jayhawks,draftkings,DraftKings,2026-09-13T04:10:11Z,totals,2026-09-13T04:10:11Z,Under,-108,56.5,20260913041049786754
NCAAF,americanfootball_ncaaf,a317e3ffe5919c8bff3b9b303054f1b3,2026-09-19T16:00:00Z,Arizona State Sun Devils,Kansas Jayhawks,fanduel,FanDuel,2026-09-13T04:10:34Z,h2h,2026-09-13T04:10:34Z,Arizona State Sun Devils,-205,,20260913041049786754
NCAAF,americanfootball_ncaaf,a317e3ffe5919c8bff3b9b303054f1b3,2026-09-19T16:00:00Z,Arizona State Sun Devils,Kansas Jayhawks,fanduel,FanDuel,2026-09-13T04:10:34Z,h2h,2026-09-13T04:10:34Z,Kansas Jayhawks,168,,20260913041049786754
NCAAF,americanfootball_ncaaf,a317e3ffe5919c8bff3b9b303054f1b3,2026-09-19T16:00:00Z,Arizona State Sun Devils,Kansas Jayhawks,fanduel,FanDuel,2026-09-13T04:10:34Z,spreads,2026-09-13T04:10:34Z,Arizona State Sun Devils,-110,-5.5,20260913041049786754
NCAAF,americanfootball_ncaaf,a317e3ffe5919c8bff3b9b303054f1b3,2026-09-19T16:00:00Z,Arizona State Sun Devils,Kansas Jayhawks,fanduel,FanDuel,2026-09-13T04:10:34Z,spreads,2026-09-13T04:10:34Z,Kansas Jayhawks,-110,5.5,20260913041049786754
NCAAF,americanfootball_ncaaf,a317e3ffe5919c8bff3b9b303054f1b3,2026-09-19T16:00:00Z,Arizona State Sun Devils,Kansas Jayhawks,fanduel,FanDuel,2026-09-13T04:10:34Z,totals,2026-09-13T04:10:34Z,Over,-105,52.5,20260913041049786754
NCAAF,americanfootball_ncaaf,a317e3ffe5919c8bff3b9b303054f1b3,2026-09-19T16:00:00Z,Arizona State Sun Devils,Kansas Jayhawks,fanduel,FanDuel,2026-09-13T04:10:34Z,totals,2026-09-13T04:10:34Z,Under,-115,52.5,20260913041049786754
NCAAF,americanfootball_ncaaf,a85cea77fbd44d9135461815777f6a9c,2026-09-19T19:30:00Z,Alabama Crimson Tide,Florida State Seminoles,draftkings,DraftKings,2026-09-13T04:10:11Z,h2h,2026-09-13T04:10:11Z,Alabama Crimson Tide,-950,,20260913041049786754
NCAAF,americanfootball_ncaaf,a85cea77fbd44d9135461815777f6a9c,2026-09-19T19:30:00Z,Alabama Crimson Tide,Florida State Seminoles,draftkings,DraftKings,2026-09-13T04:10:11Z,h2h,2026-09-13T04:10:11Z,Florida State Seminoles,625,,20260913041049786754
NCAAF,americanfootball_ncaaf,a85cea77fbd44d9135461815777f6a9c,2026-09-19T19:30:00Z,Alabama Crimson Tide,Florida State Seminoles,draftkings,DraftKings,2026-09-13T04:10:11Z,spreads,2026-09-13T04:10:11Z,Alabama Crimson Tide,-105,-17.5,20260913041049786754
NCAAF,americanfootball_ncaaf,a85cea77fbd44d9135461815777f6a9c,2026-09-19T19:30:00Z,Alabama Crimson Tide,Florida State Seminoles,draftkings,DraftKings,2026-09-13T04:10:11Z,spreads,2026-09-13T04:10:11Z,Florida State Seminoles,-115,17.5,20260913041049786754
NCAAF,americanfootball_ncaaf,a85cea77fbd44d9135461815777f6a9c,2026-09-19T19:30:00Z,Alabama Crimson Tide,Florida State Seminoles,draftkings,DraftKings,2026-09-13T04:10:11Z,totals,2026-09-13T04:10:11Z,Over,-112,50.5,20260913041049786754
NCAAF,americanfootball_ncaaf,a85cea77fbd44d9135461815777f6a9c,2026-09-19T19:30:00Z,Alabama Crimson Tide,Florida State Seminoles,draftkings,DraftKings,2026-09-13T04:10:11Z,totals,2026-09-13T04:10:11Z,Under,-108,50.5,20260913041049786754
NCAAF,americanfootball_ncaaf,a85cea77fbd44d9135461815777f6a9c,2026-09-19T19:30:00Z,Alabama Crimson Tide,Florida State Seminoles,betmgm,BetMGM,2026-09-13T04:09:27Z,h2h,2026-09-13T04:09:27Z,Alabama Crimson Tide,-1100,,20260913041049786754
NCAAF,americanfootball_ncaaf,a85cea77fbd44d9135461815777f6a9c,2026-09-19T19:30:00Z,Alabama Crimson Tide,Florida State Seminoles,betmgm,BetMGM,2026-09-13T04:09:27Z,h2h,2026-09-13T04:09:27Z,Florida State Seminoles,750,,20260913041049786754
NCAAF,americanfootball_ncaaf,a85cea77fbd44d9135461815777f6a9c,2026-09-19T19:30:00Z,Alabama Crimson Tide,Florida State Seminoles,betmgm,BetMGM,2026-09-13T04:09:27Z,spreads,2026-09-13T04:09:27Z,Alabama Crimson Tide,-108,-18.0,20260913041049786754
NCAAF,americanfootball_ncaaf,a85cea77fbd44d9135461815777f6a9c,2026-09-19T19:30:00Z,Alabama Crimson Tide,Florida State Seminoles,betmgm,BetMGM,2026-09-13T04:09:27Z,spreads,2026-09-13T04:09:27Z,Florida State Seminoles,-110,18.0,20260913041049786754
NCAAF,americanfootball_ncaaf,a85cea77fbd44d9135461815777f6a9c,2026-09-19T19:30:00Z,Alabama Crimson Tide,Florida State Seminoles,betmgm,BetMGM,2026-09-13T04:09:27Z,totals,2026-09-13T04:09:27Z,Over,-110,50.5,20260913041049786754
NCAAF,americanfootball_ncaaf,a85cea77fbd44d9135461815777f6a9c,2026-09-19T19:30:00Z,Alabama Crimson Tide,Florida State Seminoles,betmgm,BetMGM,2026-09-13T04:09:27Z,totals,2026-09-13T04:09:27Z,Under,-108,50.5,20260913041049786754
NCAAF,americanfootball_ncaaf,a85cea77fbd44d9135461815777f6a9c,2026-09-19T19:30:00Z,Alabama Crimson Tide,Florida State Seminoles,fanduel,FanDuel,2026-09-13T04:10:34Z,h2h,2026-09-13T04:10:34Z,Alabama Crimson Tide,-1400,,20260913041049786754
NCAAF,americanfootball_ncaaf,a85cea77fbd44d9135461815777f6a9c,2026-09-19T19:30:00Z,Alabama Crimson Tide,Florida State Seminoles,fanduel,FanDuel,2026-09-13T04:10:34Z,h2h,2026-09-13T04:10:34Z,Florida State Seminoles,800,,20260913041049786754
NCAAF,americanfootball_ncaaf,a85cea77fbd44d9135461815777f6a9c,2026-09-19T19:30:00Z,Alabama Crimson Tide,Florida State Seminoles,fanduel,FanDuel,2026-09-13T04:10:34Z,spreads,2026-09-13T04:10:34Z,Alabama Crimson Tide,-110,-18.5,20260913041049786754
NCAAF,americanfootball_ncaaf,a85cea77fbd44d9135461815777f6a9c,2026-09-19T19:30:00Z,Alabama Crimson Tide,Florida State Seminoles,fanduel,FanDuel,2026-09-13T04:10:34Z,spreads,2026-09-13T04:10:34Z,Florida State Seminoles,-110,18.5,20260913041049786754
NCAAF,americanfootball_ncaaf,a85cea77fbd44d9135461815777f6a9c,2026-09-19T19:30:00Z,Alabama Crimson Tide,Florida State Seminoles,fanduel,FanDuel,2026-09-13T04:10:34Z,totals,2026-09-13T04:10:34Z,Over,-110,50.5,20260913041049786754
NCAAF,americanfootball_ncaaf,a85cea77fbd44d9135461815777f6a9c,2026-09-19T19:30:00Z,Alabama Crimson Tide,Florida State Seminoles,fanduel,FanDuel,2026-09-13T04:10:34Z,totals,2026-09-13T04:10:34Z,Under,-110,50.5,20260913041049786754
NCAAF,americanfootball_ncaaf,d2da9e958e6f4800929ff9411b697a4b,2026-09-19T19:30:00Z,Texas A&M Aggies,Kentucky Wildcats,fanduel,FanDuel,2026-09-13T04:10:34Z,h2h,2026-09-13T04:10:34Z,Kentucky Wildcats,550,,20260913041049786754
NCAAF,americanfootball_ncaaf,d2da9e958e6f4800929ff9411b697a4b,2026-09-19T19:30:00Z,Texas A&M Aggies,Kentucky Wildcats,fanduel,FanDuel,2026-09-13T04:10:34Z,h2h,2026-09-13T04:10:34Z,Texas A&M Aggies,-820,,20260913041049786754
NCAAF,americanfootball_ncaaf,d2da9e958e6f4800929ff9411b697a4b,2026-09-19T19:30:00Z,Texas A&M Aggies,Kentucky Wildcats,fanduel,FanDuel,2026-09-13T04:10:34Z,spreads,2026-09-13T04:10:34Z,Kentucky Wildcats,-105,14.5,20260913041049786754
NCAAF,americanfootball_ncaaf,d2da9e958e6f4800929ff9411b697a4b,2026-09-19T19:30:00Z,Texas A&M Aggies,Kentucky Wildcats,fanduel,FanDuel,2026-09-13T04:10:34Z,spreads,2026-09-13T04:10:34Z,Texas A&M Aggies,-115,-14.5,20260913041049786754
NCAAF,americanfootball_ncaaf,d2da9e958e6f4800929ff9411b697a4b,2026-09-19T19:30:00Z,Texas A&M Aggies,Kentucky Wildcats,fanduel,FanDuel,2026-09-13T04:10:34Z,totals,2026-09-13T04:10:34Z,Over,-115,48.5,20260913041049786754
NCAAF,americanfootball_ncaaf,d2da9e958e6f4800929ff9411b697a4b,2026-09-19T19:30:00Z,Texas A&M Aggies,Kentucky Wildcats,fanduel,FanDuel,2026-09-13T04:10:34Z,totals,2026-09-13T04:10:34Z,Under,-105,48.5,20260913041049786754
NCAAF,americanfootball_ncaaf,d2da9e958e6f4800929ff9411b697a4b,2026-09-19T19:30:00Z,Texas A&M Aggies,Kentucky Wildcats,draftkings,DraftKings,2026-09-13T04:10:11Z,h2h,2026-09-13T04:10:11Z,Kentucky Wildcats,575,,20260913041049786754
NCAAF,americanfootball_ncaaf,d2da9e958e6f4800929ff9411b697a4b,2026-09-19T19:30:00Z,Texas A&M Aggies,Kentucky Wildcats,draftkings,DraftKings,2026-09-13T04:10:11Z,h2h,2026-09-13T04:10:11Z,Texas A&M Aggies,-850,,20260913041049786754
NCAAF,americanfootball_ncaaf,d2da9e958e6f4800929ff9411b697a4b,2026-09-19T19:30:00Z,Texas A&M Aggies,Kentucky Wildcats,draftkings,DraftKings,2026-09-13T04:10:11Z,spreads,2026-09-13T04:10:11Z,Kentucky Wildcats,-110,15.5,20260913041049786754
NCAAF,americanfootball_ncaaf,d2da9e958e6f4800929ff9411b697a4b,2026-09-19T19:30:00Z,Texas A&M Aggies,Kentucky Wildcats,draftkings,DraftKings,2026-09-13T04:10:11Z,spreads,2026-09-13T04:10:11Z,Texas A&M Aggies,-110,-15.5,20260913041049786754
NCAAF,americanfootball_ncaaf,d2da9e958e6f4800929ff9411b697a4b,2026-09-19T19:30:00Z,Texas A&M Aggies,Kentucky Wildcats,draftkings,DraftKings,2026-09-13T04:10:11Z,totals,2026-09-13T04:10:11Z,Over,-102,48.5,20260913041049786754
NCAAF,americanfootball_ncaaf,d2da9e958e6f4800929ff9411b697a4b,2026-09-19T19:30:00Z,Texas A&M Aggies,Kentucky Wildcats,draftkings,DraftKings,2026-09-13T04:10:11Z,totals,2026-09-13T04:10:11Z,Under,-118,48.5,20260913041049786754
NCAAF,americanfootball_ncaaf,d2da9e958e6f4800929ff9411b697a4b,2026-09-19T19:30:00Z,Texas A&M Aggies,Kentucky Wildcats,betmgm,BetMGM,2026-09-13T04:09:27Z,h2h,2026-09-13T04:09:27Z,Kentucky Wildcats,575,,20260913041049786754
NCAAF,americanfootball_ncaaf,d2da9e958e6f4800929ff9411b697a4b,2026-09-19T19:30:00Z,Texas A&M Aggies,Kentucky Wildcats,betmgm,BetMGM,2026-09-13T04:09:27Z,h2h,2026-09-13T04:09:27Z,Texas A&M Aggies,-750,,20260913041049786754
NCAAF,americanfootball_ncaaf,d2da9e958e6f4800929ff9411b697a4b,2026-09-19T19:30:00Z,Texas A&M Aggies,Kentucky Wildcats,betmgm,BetMGM,2026-09-13T04:09:27Z,spreads,2026-09-13T04:09:27Z,Kentucky Wildcats,-108,15.0,20260913041049786754
NCAAF,americanfootball_ncaaf,d2da9e958e6f4800929ff9411b697a4b,2026-09-19T19:30:00Z,Texas A&M Aggies,Kentucky Wildcats,betmgm,BetMGM,2026-09-13T04:09:27Z,spreads,2026-09-13T04:09:27Z,Texas A&M Aggies,-110,-15.0,20260913041049786754
NCAAF,americanfootball_ncaaf,d2da9e958e6f4800929ff9411b697a4b,2026-09-19T19:30:00Z,Texas A&M Aggies,Kentucky Wildcats,betmgm,BetMGM,2026-09-13T04:09:27Z,totals,2026-09-13T04:09:27Z,Over,-108,48.5,20260913041049786754
NCAAF,americanfootball_ncaaf,d2da9e958e6f4800929ff9411b697a4b,2026-09-19T19:30:00Z,Texas A&M Aggies,Kentucky Wildcats,betmgm,BetMGM,2026-09-13T04:09:27Z,totals,2026-09-13T04:09:27Z,Under,-110,48.5,20260913041049786754
NCAAF,americanfootball_ncaaf,dbcfc3184e20d1ea45e910b89585071f,2026-09-19T19:30:00Z,Louisville Cardinals,SMU Mustangs,draftkings,DraftKings,2026-09-13T04:10:11Z,h2h,2026-09-13T04:10:11Z,Louisville Cardinals,-112,,20260913041049786754
NCAAF,americanfootball_ncaaf,dbcfc3184e20d1ea45e910b89585071f,2026-09-19T19:30:00Z,Louisville Cardinals,SMU Mustangs,draftkings,DraftKings,2026-09-13T04:10:11Z,h2h,2026-09-13T04:10:11Z,SMU Mustangs,-108,,20260913041049786754
NCAAF,americanfootball_ncaaf,dbcfc3184e20d1ea45e910b89585071f,2026-09-19T19:30:00Z,Louisville Cardinals,SMU Mustangs,draftkings,DraftKings,2026-09-13T04:10:11Z,spreads,2026-09-13T04:10:11Z,Louisville Cardinals,-105,-1.5,20260913041049786754
NCAAF,americanfootball_ncaaf,dbcfc3184e20d1ea45e910b89585071f,2026-09-19T19:30:00Z,Louisville Cardinals,SMU Mustangs,draftkings,DraftKings,2026-09-13T04:10:11Z,spreads,2026-09-13T04:10:11Z,SMU Mustangs,-115,1.5,20260913041049786754
NCAAF,americanfootball_ncaaf,dbcfc3184e20d1ea45e910b89585071f,2026-09-19T19:30:00Z,Louisville Cardinals,SMU Mustangs,draftkings,DraftKings,2026-09-13T04:10:11Z,totals,2026-09-13T04:10:11Z,Over,-115,58.5,20260913041049786754
NCAAF,americanfootball_ncaaf,dbcfc3184e20d1ea45e910b89585071f,2026-09-19T19:30:00Z,Louisville Cardinals,SMU Mustangs,draftkings,DraftKings,2026-09-13T04:10:11Z,totals,2026-09-13T04:10:11Z,Under,-105,58.5,20260913041049786754
NCAAF,americanfootball_ncaaf,dbcfc3184e20d1ea45e910b89585071f,2026-09-19T19:30:00Z,Louisville Cardinals,SMU Mustangs,fanduel,FanDuel,2026-09-13T04:10:34Z,h2h,2026-09-13T04:10:34Z,Louisville Cardinals,-126,,20260913041049786754
NCAAF,americanfootball_ncaaf,dbcfc3184e20d1ea45e910b89585071f,2026-09-19T19:30:00Z,Louisville Cardinals,SMU Mustangs,fanduel,FanDuel,2026-09-13T04:10:34Z,h2h,2026-09-13T04:10:34Z,SMU Mustangs,105,,20260913041049786754
NCAAF,americanfootball_ncaaf,dbcfc3184e20d1ea45e910b89585071f,2026-09-19T19:30:00Z,Louisville Cardinals,SMU Mustangs,fanduel,FanDuel,2026-09-13T04:10:34Z,spreads,2026-09-13T04:10:34Z,Louisville Cardinals,-115,-1.5,20260913041049786754
NCAAF,americanfootball_ncaaf,dbcfc3184e20d1ea45e910b89585071f,2026-09-19T19:30:00Z,Louisville Cardinals,SMU Mustangs,fanduel,FanDuel,2026-09-13T04:10:34Z,spreads,2026-09-13T04:10:34Z,SMU Mustangs,-105,1.5,20260913041049786754
NCAAF,americanfootball_ncaaf,dbcfc3184e20d1ea45e910b89585071f,2026-09-19T19:30:00Z,Louisville Cardinals,SMU Mustangs,fanduel,FanDuel,2026-09-13T04:10:34Z,totals,2026-09-13T04:10:34Z,Over,-110,59.5,20260913041049786754
NCAAF,americanfootball_ncaaf,dbcfc3184e20d1ea45e910b89585071f,2026-09-19T19:30:00Z,Louisville Cardinals,SMU Mustangs,fanduel,FanDuel,2026-09-13T04:10:34Z,totals,2026-09-13T04:10:34Z,Under,-110,59.5,20260913041049786754
NCAAF,americanfootball_ncaaf,dbcfc3184e20d1ea45e910b89585071f,2026-09-19T19:30:00Z,Louisville Cardinals,SMU Mustangs,betmgm,BetMGM,2026-09-13T04:09:27Z,h2h,2026-09-13T04:09:27Z,Louisville Cardinals,-118,,20260913041049786754
NCAAF,americanfootball_ncaaf,dbcfc3184e20d1ea45e910b89585071f,2026-09-19T19:30:00Z,Louisville Cardinals,SMU Mustangs,betmgm,BetMGM,2026-09-13T04:09:27Z,h2h,2026-09-13T04:09:27Z,SMU Mustangs,-102,,20260913041049786754
NCAAF,americanfootball_ncaaf,dbcfc3184e20d1ea45e910b89585071f,2026-09-19T19:30:00Z,Louisville Cardinals,SMU Mustangs,betmgm,BetMGM,2026-09-13T04:09:27Z,spreads,2026-09-13T04:09:27Z,Louisville Cardinals,-110,-1.5,20260913041049786754
NCAAF,americanfootball_ncaaf,dbcfc3184e20d1ea45e910b89585071f,2026-09-19T19:30:00Z,Louisville Cardinals,SMU Mustangs,betmgm,BetMGM,2026-09-13T04:09:27Z,spreads,2026-09-13T04:09:27Z,SMU Mustangs,-110,1.5,20260913041049786754
NCAAF,americanfootball_ncaaf,dbcfc3184e20d1ea45e910b89585071f,2026-09-19T19:30:00Z,Louisville Cardinals,SMU Mustangs,betmgm,BetMGM,2026-09-13T04:09:27Z,totals,2026-09-13T04:09:27Z,Over,-105,59.5,20260913041049786754
NCAAF,americanfootball_ncaaf,dbcfc3184e20d1ea45e910b89585071f,2026-09-19T19:30:00Z,Louisville Cardinals,SMU Mustangs,betmgm,BetMGM,2026-09-13T04:09:27Z,totals,2026-09-13T04:09:27Z,Under,-115,59.5,20260913041049786754
NCAAF,americanfootball_ncaaf,f459decff5e212a417df01fead33b180,2026-09-19T20:00:00Z,Indiana Hoosiers,Western Kentucky Hilltoppers,draftkings,DraftKings,2026-09-13T04:10:11Z,spreads,2026-09-13T04:10:11Z,Indiana Hoosiers,-108,-44.5,20260913041049786754
NCAAF,americanfootball_ncaaf,f459decff5e212a417df01fead33b180,2026-09-19T20:00:00Z,Indiana Hoosiers,Western Kentucky Hilltoppers,draftkings,DraftKings,2026-09-13T04:10:11Z,spreads,2026-09-13T04:10:11Z,Western Kentucky Hilltoppers,-112,44.5,20260913041049786754
NCAAF,americanfootball_ncaaf,f459decff5e212a417df01fead33b180,2026-09-19T20:00:00Z,Indiana Hoosiers,Western Kentucky Hilltoppers,draftkings,DraftKings,2026-09-13T04:10:11Z,totals,2026-09-13T04:10:11Z,Over,-112,59.5,20260913041049786754
NCAAF,americanfootball_ncaaf,f459decff5e212a417df01fead33b180,2026-09-19T20:00:00Z,Indiana Hoosiers,Western Kentucky Hilltoppers,draftkings,DraftKings,2026-09-13T04:10:11Z,totals,2026-09-13T04:10:11Z,Under,-108,59.5,20260913041049786754
NCAAF,americanfootball_ncaaf,a4e7771497976db67e6a81bc3700b32f,2026-09-19T20:15:00Z,South Carolina Gamecocks,Mississippi State Bulldogs,draftkings,DraftKings,2026-09-13T04:10:11Z,h2h,2026-09-13T04:10:11Z,Mississippi State Bulldogs,180,,20260913041049786754
NCAAF,americanfootball_ncaaf,a4e7771497976db67e6a81bc3700b32f,2026-09-19T20:15:00Z,South Carolina Gamecocks,Mississippi State Bulldogs,draftkings,DraftKings,2026-09-13T04:10:11Z,h2h,2026-09-13T04:10:11Z,South Carolina Gamecocks,-218,,20260913041049786754
NCAAF,americanfootball_ncaaf,a4e7771497976db67e6a81bc3700b32f,2026-09-19T20:15:00Z,South Carolina Gamecocks,Mississippi State Bulldogs,draftkings,DraftKings,2026-09-13T04:10:11Z,spreads,2026-09-13T04:10:11Z,Mississippi State Bulldogs,-105,5.5,20260913041049786754
NCAAF,americanfootball_ncaaf,a4e7771497976db67e6a81bc3700b32f,2026-09-19T20:15:00Z,South Carolina Gamecocks,Mississippi State Bulldogs,draftkings,DraftKings,2026-09-13T04:10:11Z,spreads,2026-09-13T04:10:11Z,South Carolina Gamecocks,-115,-5.5,20260913041049786754
NCAAF,americanfootball_ncaaf,a4e7771497976db67e6a81bc3700b32f,2026-09-19T20:15:00Z,South Carolina Gamecocks,Mississippi State Bulldogs,draftkings,DraftKings,2026-09-13T04:10:11Z,totals,2026-09-13T04:10:11Z,Over,-108,56.5,20260913041049786754
NCAAF,americanfootball_ncaaf,a4e7771497976db67e6a81bc3700b32f,2026-09-19T20:15:00Z,South Carolina Gamecocks,Mississippi State Bulldogs,draftkings,DraftKings,2026-09-13T04:10:11Z,totals,2026-09-13T04:10:11Z,Under,-112,56.5,20260913041049786754
NCAAF,americanfootball_ncaaf,03297aa8a399c223aa1cc6aa923d9bc6,2026-09-19T23:30:00Z,Northwestern Wildcats,Colorado Buffaloes,draftkings,DraftKings,2026-09-13T04:10:11Z,h2h,2026-09-13T04:10:11Z,Colorado Buffaloes,114,,20260913041049786754
NCAAF,americanfootball_ncaaf,03297aa8a399c223aa1cc6aa923d9bc6,2026-09-19T23:30:00Z,Northwestern Wildcats,Colorado Buffaloes,draftkings,DraftKings,2026-09-13T04:10:11Z,h2h,2026-09-13T04:10:11Z,Northwestern Wildcats,-135,,20260913041049786754
NCAAF,americanfootball_ncaaf,03297aa8a399c223aa1cc6aa923d9bc6,2026-09-19T23:30:00Z,Northwestern Wildcats,Colorado Buffaloes,draftkings,DraftKings,2026-09-13T04:10:11Z,spreads,2026-09-13T04:10:11Z,Colorado Buffaloes,-105,2.5,20260913041049786754
NCAAF,americanfootball_ncaaf,03297aa8a399c223aa1cc6aa923d9bc6,2026-09-19T23:30:00Z,Northwestern Wildcats,Colorado Buffaloes,draftkings,DraftKings,2026-09-13T04:10:11Z,spreads,2026-09-13T04:10:11Z,Northwestern Wildcats,-115,-2.5,20260913041049786754
NCAAF,americanfootball_ncaaf,03297aa8a399c223aa1cc6aa923d9bc6,2026-09-19T23:30:00Z,Northwestern Wildcats,Colorado Buffaloes,draftkings,DraftKings,2026-09-13T04:10:11Z,totals,2026-09-13T04:10:11Z,Over,-118,45.5,20260913041049786754
NCAAF,americanfootball_ncaaf,03297aa8a399c223aa1cc6aa923d9bc6,2026-09-19T23:30:00Z,Northwestern Wildcats,Colorado Buffaloes,draftkings,DraftKings,2026-09-13T04:10:11Z,totals,2026-09-13T04:10:11Z,Under,-102,45.5,20260913041049786754
NCAAF,americanfootball_ncaaf,65571f1cab1a260aae4a220e38dbbc1d,2026-09-19T23:30:00Z,Ole Miss Rebels,LSU Tigers,betmgm,BetMGM,2026-09-13T04:09:27Z,h2h,2026-09-13T04:09:27Z,LSU Tigers,-140,,20260913041049786754
NCAAF,americanfootball_ncaaf,65571f1cab1a260aae4a220e38dbbc1d,2026-09-19T23:30:00Z,Ole Miss Rebels,LSU Tigers,betmgm,BetMGM,2026-09-13T04:09:27Z,h2h,2026-09-13T04:09:27Z,Ole Miss Rebels,115,,20260913041049786754
NCAAF,americanfootball_ncaaf,65571f1cab1a260aae4a220e38dbbc1d,2026-09-19T23:30:00Z,Ole Miss Rebels,LSU Tigers,betmgm,BetMGM,2026-09-13T04:09:27Z,spreads,2026-09-13T04:09:27Z,LSU Tigers,-110,-2.5,20260913041049786754
NCAAF,americanfootball_ncaaf,65571f1cab1a260aae4a220e38dbbc1d,2026-09-19T23:30:00Z,Ole Miss Rebels,LSU Tigers,betmgm,BetMGM,2026-09-13T04:09:27Z,spreads,2026-09-13T04:09:27Z,Ole Miss Rebels,-108,2.5,20260913041049786754
NCAAF,americanfootball_ncaaf,65571f1cab1a260aae4a220e38dbbc1d,2026-09-19T23:30:00Z,Ole Miss Rebels,LSU Tigers,betmgm,BetMGM,2026-09-13T04:09:27Z,totals,2026-09-13T04:09:27Z,Over,-110,58.5,20260913041049786754
NCAAF,americanfootball_ncaaf,65571f1cab1a260aae4a220e38dbbc1d,2026-09-19T23:30:00Z,Ole Miss Rebels,LSU Tigers,betmgm,BetMGM,2026-09-13T04:09:27Z,totals,2026-09-13T04:09:27Z,Under,-108,58.5,20260913041049786754
NCAAF,americanfootball_ncaaf,65571f1cab1a260aae4a220e38dbbc1d,2026-09-19T23:30:00Z,Ole Miss Rebels,LSU Tigers,draftkings,DraftKings,2026-09-13T04:10:11Z,h2h,2026-09-13T04:10:11Z,LSU Tigers,-135,,20260913041049786754
NCAAF,americanfootball_ncaaf,65571f1cab1a260aae4a220e38dbbc1d,2026-09-19T23:30:00Z,Ole Miss Rebels,LSU Tigers,draftkings,DraftKings,2026-09-13T04:10:11Z,h2h,2026-09-13T04:10:11Z,Ole Miss Rebels,114,,20260913041049786754
NCAAF,americanfootball_ncaaf,65571f1cab1a260aae4a220e38dbbc1d,2026-09-19T23:30:00Z,Ole Miss Rebels,LSU Tigers,draftkings,DraftKings,2026-09-13T04:10:11Z,spreads,2026-09-13T04:10:11Z,LSU Tigers,-112,-2.5,20260913041049786754
NCAAF,americanfootball_ncaaf,65571f1cab1a260aae4a220e38dbbc1d,2026-09-19T23:30:00Z,Ole Miss Rebels,LSU Tigers,draftkings,DraftKings,2026-09-13T04:10:11Z,spreads,2026-09-13T04:10:11Z,Ole Miss Rebels,-108,2.5,20260913041049786754
NCAAF,americanfootball_ncaaf,65571f1cab1a260aae4a220e38dbbc1d,2026-09-19T23:30:00Z,Ole Miss Rebels,LSU Tigers,draftkings,DraftKings,2026-09-13T04:10:11Z,totals,2026-09-13T04:10:11Z,Over,-112,58.5,20260913041049786754
NCAAF,americanfootball_ncaaf,65571f1cab1a260aae4a220e38dbbc1d,2026-09-19T23:30:00Z,Ole Miss Rebels,LSU Tigers,draftkings,DraftKings,2026-09-13T04:10:11Z,totals,2026-09-13T04:10:11Z,Under,-108,58.5,20260913041049786754
NCAAF,americanfootball_ncaaf,b7cdc05f280bede1f19b996cc9b95753,2026-09-19T23:30:00Z,Maryland Terrapins,Virginia Tech Hokies,draftkings,DraftKings,2026-09-13T04:10:11Z,h2h,2026-09-13T04:10:11Z,Maryland Terrapins,102,,20260913041049786754
NCAAF,americanfootball_ncaaf,b7cdc05f280bede1f19b996cc9b95753,2026-09-19T23:30:00Z,Maryland Terrapins,Virginia Tech Hokies,draftkings,DraftKings,2026-09-13T04:10:11Z,h2h,2026-09-13T04:10:11Z,Virginia Tech Hokies,-122,,20260913041049786754
NCAAF,americanfootball_ncaaf,b7cdc05f280bede1f19b996cc9b95753,2026-09-19T23:30:00Z,Maryland Terrapins,Virginia Tech Hokies,draftkings,DraftKings,2026-09-13T04:10:11Z,spreads,2026-09-13T04:10:11Z,Maryland Terrapins,-105,1.5,20260913041049786754
NCAAF,americanfootball_ncaaf,b7cdc05f280bede1f19b996cc9b95753,2026-09-19T23:30:00Z,Maryland Terrapins,Virginia Tech Hokies,draftkings,DraftKings,2026-09-13T04:10:11Z,spreads,2026-09-13T04:10:11Z,Virginia Tech Hokies,-115,-1.5,20260913041049786754
NCAAF,americanfootball_ncaaf,b7cdc05f280bede1f19b996cc9b95753,2026-09-19T23:30:00Z,Maryland Terrapins,Virginia Tech Hokies,draftkings,DraftKings,2026-09-13T04:10:11Z,totals,2026-09-13T04:10:11Z,Over,-105,54.5,20260913041049786754
NCAAF,americanfootball_ncaaf,b7cdc05f280bede1f19b996cc9b95753,2026-09-19T23:30:00Z,Maryland Terrapins,Virginia Tech Hokies,draftkings,DraftKings,2026-09-13T04:10:11Z,totals,2026-09-13T04:10:11Z,Under,-115,54.5,20260913041049786754
NCAAF,americanfootball_ncaaf,7e3b8cd721f0817d0a6c3111221e8a91,2026-09-19T23:30:00Z,Notre Dame Fighting Irish,Michigan State Spartans,fanduel,FanDuel,2026-09-13T04:10:34Z,h2h,2026-09-13T04:10:34Z,Michigan State Spartans,2200,,20260913041049786754
NCAAF,americanfootball_ncaaf,7e3b8cd721f0817d0a6c3111221e8a91,2026-09-19T23:30:00Z,Notre Dame Fighting Irish,Michigan State Spartans,fanduel,FanDuel,2026-09-13T04:10:34Z,h2h,2026-09-13T04:10:34Z,Notre Dame Fighting Irish,-10000,,20260913041049786754
NCAAF,americanfootball_ncaaf,7e3b8cd721f0817d0a6c3111221e8a91,2026-09-19T23:30:00Z,Notre Dame Fighting Irish,Michigan State Spartans,fanduel,FanDuel,2026-09-13T04:10:34Z,spreads,2026-09-13T04:10:34Z,Michigan State Spartans,-105,29.5,20260913041049786754
NCAAF,americanfootball_ncaaf,7e3b8cd721f0817d0a6c3111221e8a91,2026-09-19T23:30:00Z,Notre Dame Fighting Irish,Michigan State Spartans,fanduel,FanDuel,2026-09-13T04:10:34Z,spreads,2026-09-13T04:10:34Z,Notre Dame Fighting Irish,-115,-29.5,20260913041049786754
NCAAF,americanfootball_ncaaf,7e3b8cd721f0817d0a6c3111221e8a91,2026-09-19T23:30:00Z,Notre Dame Fighting Irish,Michigan State Spartans,fanduel,FanDuel,2026-09-13T04:10:34Z,totals,2026-09-13T04:10:34Z,Over,-110,52.5,20260913041049786754
NCAAF,americanfootball_ncaaf,7e3b8cd721f0817d0a6c3111221e8a91,2026-09-19T23:30:00Z,Notre Dame Fighting Irish,Michigan State Spartans,fanduel,FanDuel,2026-09-13T04:10:34Z,totals,2026-09-13T04:10:34Z,Under,-110,52.5,20260913041049786754
NCAAF,americanfootball_ncaaf,7e3b8cd721f0817d0a6c3111221e8a91,2026-09-19T23:30:00Z,Notre Dame Fighting Irish,Michigan State Spartans,draftkings,DraftKings,2026-09-13T04:10:11Z,h2h,2026-09-13T04:10:11Z,Michigan State Spartans,2200,,20260913041049786754
NCAAF,americanfootball_ncaaf,7e3b8cd721f0817d0a6c3111221e8a91,2026-09-19T23:30:00Z,Notre Dame Fighting Irish,Michigan State Spartans,draftkings,DraftKings,2026-09-13T04:10:11Z,h2h,2026-09-13T04:10:11Z,Notre Dame Fighting Irish,-8000,,20260913041049786754
NCAAF,americanfootball_ncaaf,7e3b8cd721f0817d0a6c3111221e8a91,2026-09-19T23:30:00Z,Notre Dame Fighting Irish,Michigan State Spartans,draftkings,DraftKings,2026-09-13T04:10:11Z,spreads,2026-09-13T04:10:11Z,Michigan State Spartans,-115,29.5,20260913041049786754
NCAAF,americanfootball_ncaaf,7e3b8cd721f0817d0a6c3111221e8a91,2026-09-19T23:30:00Z,Notre Dame Fighting Irish,Michigan State Spartans,draftkings,DraftKings,2026-09-13T04:10:11Z,spreads,2026-09-13T04:10:11Z,Notre Dame Fighting Irish,-105,-29.5,20260913041049786754
NCAAF,americanfootball_ncaaf,7e3b8cd721f0817d0a6c3111221e8a91,2026-09-19T23:30:00Z,Notre Dame Fighting Irish,Michigan State Spartans,draftkings,DraftKings,2026-09-13T04:10:11Z,totals,2026-09-13T04:10:11Z,Over,-115,53.5,20260913041049786754
NCAAF,americanfootball_ncaaf,7e3b8cd721f0817d0a6c3111221e8a91,2026-09-19T23:30:00Z,Notre Dame Fighting Irish,Michigan State Spartans,draftkings,DraftKings,2026-09-13T04:10:11Z,totals,2026-09-13T04:10:11Z,Under,-105,53.5,20260913041049786754
NCAAF,americanfootball_ncaaf,7e3b8cd721f0817d0a6c3111221e8a91,2026-09-19T23:30:00Z,Notre Dame Fighting Irish,Michigan State Spartans,betmgm,BetMGM,2026-09-13T04:09:27Z,h2h,2026-09-13T04:09:27Z,Michigan State Spartans,2500,,20260913041049786754
NCAAF,americanfootball_ncaaf,7e3b8cd721f0817d0a6c3111221e8a91,2026-09-19T23:30:00Z,Notre Dame Fighting Irish,Michigan State Spartans,betmgm,BetMGM,2026-09-13T04:09:27Z,h2h,2026-09-13T04:09:27Z,Notre Dame Fighting Irish,-10000,,20260913041049786754
NCAAF,americanfootball_ncaaf,7e3b8cd721f0817d0a6c3111221e8a91,2026-09-19T23:30:00Z,Notre Dame Fighting Irish,Michigan State Spartans,betmgm,BetMGM,2026-09-13T04:09:27Z,spreads,2026-09-13T04:09:27Z,Michigan State Spartans,-110,29.5,20260913041049786754
NCAAF,americanfootball_ncaaf,7e3b8cd721f0817d0a6c3111221e8a91,2026-09-19T23:30:00Z,Notre Dame Fighting Irish,Michigan State Spartans,betmgm,BetMGM,2026-09-13T04:09:27Z,spreads,2026-09-13T04:09:27Z,Notre Dame Fighting Irish,-108,-29.5,20260913041049786754
NCAAF,americanfootball_ncaaf,7e3b8cd721f0817d0a6c3111221e8a91,2026-09-19T23:30:00Z,Notre Dame Fighting Irish,Michigan State Spartans,betmgm,BetMGM,2026-09-13T04:09:27Z,totals,2026-09-13T04:09:27Z,Over,-108,53.5,20260913041049786754
NCAAF,americanfootball_ncaaf,7e3b8cd721f0817d0a6c3111221e8a91,2026-09-19T23:30:00Z,Notre Dame Fighting Irish,Michigan State Spartans,betmgm,BetMGM,2026-09-13T04:09:27Z,totals,2026-09-13T04:09:27Z,Under,-110,53.5,20260913041049786754
NCAAF,americanfootball_ncaaf,eda972dc55ded05916deafa37efab9c3,2026-09-19T23:30:00Z,West Virginia Mountaineers,Virginia Cavaliers,draftkings,DraftKings,2026-09-13T04:10:11Z,h2h,2026-09-13T04:10:11Z,Virginia Cavaliers,-355,,20260913041049786754
NCAAF,americanfootball_ncaaf,eda972dc55ded05916deafa37efab9c3,2026-09-19T23:30:00Z,West Virginia Mountaineers,Virginia Cavaliers,draftkings,DraftKings,2026-09-13T04:10:11Z,h2h,2026-09-13T04:10:11Z,West Virginia Mountaineers,280,,20260913041049786754
NCAAF,americanfootball_ncaaf,eda972dc55ded05916deafa37efab9c3,2026-09-19T23:30:00Z,West Virginia Mountaineers,Virginia Cavaliers,draftkings,DraftKings,2026-09-13T04:10:11Z,spreads,2026-09-13T04:10:11Z,Virginia Cavaliers,-110,-9.5,20260913041049786754
NCAAF,americanfootball_ncaaf,eda972dc55ded05916deafa37efab9c3,2026-09-19T23:30:00Z,West Virginia Mountaineers,Virginia Cavaliers,draftkings,DraftKings,2026-09-13T04:10:11Z,spreads,2026-09-13T04:10:11Z,West Virginia Mountaineers,-110,9.5,20260913041049786754
NCAAF,americanfootball_ncaaf,eda972dc55ded05916deafa37efab9c3,2026-09-19T23:30:00Z,West Virginia Mountaineers,Virginia Cavaliers,draftkings,DraftKings,2026-09-13T04:10:11Z,totals,2026-09-13T04:10:11Z,Over,-112,53.5,20260913041049786754
NCAAF,americanfootball_ncaaf,eda972dc55ded05916deafa37efab9c3,2026-09-19T23:30:00Z,West Virginia Mountaineers,Virginia Cavaliers,draftkings,DraftKings,2026-09-13T04:10:11Z,totals,2026-09-13T04:10:11Z,Under,-108,53.5,20260913041049786754
NCAAF,americanfootball_ncaaf,eda972dc55ded05916deafa37efab9c3,2026-09-19T23:30:00Z,West Virginia Mountaineers,Virginia Cavaliers,fanduel,FanDuel,2026-09-13T04:10:34Z,h2h,2026-09-13T04:10:34Z,Virginia Cavaliers,-345,,20260913041049786754
NCAAF,americanfootball_ncaaf,eda972dc55ded05916deafa37efab9c3,2026-09-19T23:30:00Z,West Virginia Mountaineers,Virginia Cavaliers,fanduel,FanDuel,2026-09-13T04:10:34Z,h2h,2026-09-13T04:10:34Z,West Virginia Mountaineers,270,,20260913041049786754
NCAAF,americanfootball_ncaaf,eda972dc55ded05916deafa37efab9c3,2026-09-19T23:30:00Z,West Virginia Mountaineers,Virginia Cavaliers,fanduel,FanDuel,2026-09-13T04:10:34Z,spreads,2026-09-13T04:10:34Z,Virginia Cavaliers,-114,-9.5,20260913041049786754
NCAAF,americanfootball_ncaaf,eda972dc55ded05916deafa37efab9c3,2026-09-19T23:30:00Z,West Virginia Mountaineers,Virginia Cavaliers,fanduel,FanDuel,2026-09-13T04:10:34Z,spreads,2026-09-13T04:10:34Z,West Virginia Mountaineers,-106,9.5,20260913041049786754
NCAAF,americanfootball_ncaaf,eda972dc55ded05916deafa37efab9c3,2026-09-19T23:30:00Z,West Virginia Mountaineers,Virginia Cavaliers,fanduel,FanDuel,2026-09-13T04:10:34Z,totals,2026-09-13T04:10:34Z,Over,-115,53.5,20260913041049786754
NCAAF,americanfootball_ncaaf,eda972dc55ded05916deafa37efab9c3,2026-09-19T23:30:00Z,West Virginia Mountaineers,Virginia Cavaliers,fanduel,FanDuel,2026-09-13T04:10:34Z,totals,2026-09-13T04:10:34Z,Under,-105,53.5,20260913041049786754
NCAAF,americanfootball_ncaaf,d8c4386ede3f4cb264ac2f2b6017528c,2026-09-20T00:00:00Z,Texas Tech Red Raiders,Houston Cougars,draftkings,DraftKings,2026-09-13T04:10:11Z,h2h,2026-09-13T04:10:11Z,Houston Cougars,390,,20260913041049786754
NCAAF,americanfootball_ncaaf,d8c4386ede3f4cb264ac2f2b6017528c,2026-09-20T00:00:00Z,Texas Tech Red Raiders,Houston Cougars,draftkings,DraftKings,2026-09-13T04:10:11Z,h2h,2026-09-13T04:10:11Z,Texas Tech Red Raiders,-520,,20260913041049786754
NCAAF,americanfootball_ncaaf,d8c4386ede3f4cb264ac2f2b6017528c,2026-09-20T00:00:00Z,Texas Tech Red Raiders,Houston Cougars,draftkings,DraftKings,2026-09-13T04:10:11Z,spreads,2026-09-13T04:10:11Z,Houston Cougars,-112,10.0,20260913041049786754
NCAAF,americanfootball_ncaaf,d8c4386ede3f4cb264ac2f2b6017528c,2026-09-20T00:00:00Z,Texas Tech Red Raiders,Houston Cougars,draftkings,DraftKings,2026-09-13T04:10:11Z,spreads,2026-09-13T04:10:11Z,Texas Tech Red Raiders,-108,-10.0,20260913041049786754
NCAAF,americanfootball_ncaaf,d8c4386ede3f4cb264ac2f2b6017528c,2026-09-20T00:00:00Z,Texas Tech Red Raiders,Houston Cougars,draftkings,DraftKings,2026-09-13T04:10:11Z,totals,2026-09-13T04:10:11Z,Over,-108,51.5,20260913041049786754
NCAAF,americanfootball_ncaaf,d8c4386ede3f4cb264ac2f2b6017528c,2026-09-20T00:00:00Z,Texas Tech Red Raiders,Houston Cougars,draftkings,DraftKings,2026-09-13T04:10:11Z,totals,2026-09-13T04:10:11Z,Under,-112,51.5,20260913041049786754
NCAAF,americanfootball_ncaaf,6059b05ef23d08d9033bd7b5fe38e5d0,2026-09-20T00:00:00Z,Texas Longhorns,UTSA Roadrunners,draftkings,DraftKings,2026-09-13T04:10:11Z,h2h,2026-09-13T04:10:11Z,Texas Longhorns,-6500,,20260913041049786754
NCAAF,americanfootball_ncaaf,6059b05ef23d08d9033bd7b5fe38e5d0,2026-09-20T00:00:00Z,Texas Longhorns,UTSA Roadrunners,draftkings,DraftKings,2026-09-13T04:10:11Z,h2h,2026-09-13T04:10:11Z,UTSA Roadrunners,2000,,20260913041049786754
NCAAF,americanfootball_ncaaf,6059b05ef23d08d9033bd7b5fe38e5d0,2026-09-20T00:00:00Z,Texas Longhorns,UTSA Roadrunners,draftkings,DraftKings,2026-09-13T04:10:11Z,spreads,2026-09-13T04:10:11Z,Texas Longhorns,-115,-29.5,20260913041049786754
NCAAF,americanfootball_ncaaf,6059b05ef23d08d9033bd7b5fe38e5d0,2026-09-20T00:00:00Z,Texas Longhorns,UTSA Roadrunners,draftkings,DraftKings,2026-09-13T04:10:11Z,spreads,2026-09-13T04:10:11Z,UTSA Roadrunners,-105,29.5,20260913041049786754
NCAAF,americanfootball_ncaaf,6059b05ef23d08d9033bd7b5fe38e5d0,2026-09-20T00:00:00Z,Texas Longhorns,UTSA Roadrunners,draftkings,DraftKings,2026-09-13T04:10:11Z,totals,2026-09-13T04:10:11Z,Over,-110,57.5,20260913041049786754
NCAAF,americanfootball_ncaaf,6059b05ef23d08d9033bd7b5fe38e5d0,2026-09-20T00:00:00Z,Texas Longhorns,UTSA Roadrunners,draftkings,DraftKings,2026-09-13T04:10:11Z,totals,2026-09-13T04:10:11Z,Under,-110,57.5,20260913041049786754
